solid OpenSCAD_Model
  facet normal -1 0 0
    outer loop
      vertex -16 -15 10.01
      vertex -16 15 6
      vertex -16 -15 6
    endloop
  endfacet
  facet normal 0 -1 0
    outer loop
      vertex -16 -15 10.01
      vertex -16 -15 6
      vertex 0 -15 6
    endloop
  endfacet
  facet normal -1 0 0
    outer loop
      vertex -16 -14.99625 10.01
      vertex -16 -12 18
      vertex -16 -14.96625 10.01
    endloop
  endfacet
  facet normal -1 0 0
    outer loop
      vertex -16 -15 10.01
      vertex -16 -14.99625 10.01
      vertex -16 -0.3435257785239442 10
    endloop
  endfacet
  facet normal -1 0 0
    outer loop
      vertex -16 -14.99625 10.01
      vertex -16 -14.96625 10.01
      vertex -16 -0.3435257785239442 10
    endloop
  endfacet
  facet normal -1 0 0
    outer loop
      vertex -16 -14.96625 10.01
      vertex -16 -5.877852522924732 13.909830056250525
      vertex -16 -5.446390350150271 13.613294320545759
    endloop
  endfacet
  facet normal -1 0 0
    outer loop
      vertex -16 -14.96625 10.01
      vertex -16 -6.293203910498374 14.228540385430291
      vertex -16 -5.877852522924732 13.909830056250525
    endloop
  endfacet
  facet normal -1 0 0
    outer loop
      vertex -16 -14.96625 10.01
      vertex -16 -12 18
      vertex -16 -7.0710678118654755 14.928932188134524
    endloop
  endfacet
  facet normal -1 0 0
    outer loop
      vertex -16 -14.96625 10.01
      vertex -16 -6.691306063588582 14.568551745226058
      vertex -16 -6.293203910498374 14.228540385430291
    endloop
  endfacet
  facet normal -1 0 0
    outer loop
      vertex -16 -14.96625 10.01
      vertex -16 -7.0710678118654755 14.928932188134524
      vertex -16 -6.691306063588582 14.568551745226058
    endloop
  endfacet
  facet normal -1 0 0
    outer loop
      vertex -16 -12 18
      vertex -16 -11.995208977877653 18
      vertex -16 -7.0710678118654755 14.928932188134524
    endloop
  endfacet
  facet normal -1 0 0
    outer loop
      vertex -16 -11.995208977877653 18
      vertex -16 -7.431448254773942 15.308693936411418
      vertex -16 -7.0710678118654755 14.928932188134524
    endloop
  endfacet
  facet normal -1 0 0
    outer loop
      vertex -16 -11.995208977877653 18
      vertex -16 -7.771459614569709 15.706796089501626
      vertex -16 -7.431448254773942 15.308693936411418
    endloop
  endfacet
  facet normal -1 0 0
    outer loop
      vertex -16 -11.995208977877653 18
      vertex -16 -8.386705679454241 16.55360964984973
      vertex -16 -8.090169943749475 16.122147477075266
    endloop
  endfacet
  facet normal -1 0 0
    outer loop
      vertex -16 -11.995208977877653 18
      vertex -16 -8.090169943749475 16.122147477075266
      vertex -16 -7.771459614569709 15.706796089501626
    endloop
  endfacet
  facet normal -1 0 0
    outer loop
      vertex -16 -14.96625 10.01
      vertex -16 0.41833874610499006 10
      vertex -16 -0.3435257785239442 10
    endloop
  endfacet
  facet normal -1 0 0
    outer loop
      vertex -16 -14.96625 10.01
      vertex -16 -4.5399049973954675 13.089934758116321
      vertex -16 -4.067366430758002 12.864545423573992
    endloop
  endfacet
  facet normal -1 0 0
    outer loop
      vertex -16 -14.96625 10.01
      vertex -16 -5 13.339745962155614
      vertex -16 -4.5399049973954675 13.089934758116321
    endloop
  endfacet
  facet normal -1 0 0
    outer loop
      vertex -16 -14.96625 10.01
      vertex -16 -5.446390350150271 13.613294320545759
      vertex -16 -5 13.339745962155614
    endloop
  endfacet
  facet normal -1 0 0
    outer loop
      vertex -16 -14.96625 10.01
      vertex -16 -4.067366430758002 12.864545423573992
      vertex -16 0.41833874610499006 10
    endloop
  endfacet
  facet normal -1 0 0
    outer loop
      vertex -16 -15 10.01
      vertex -16 -0.3435257785239442 10
      vertex -16 15 6
    endloop
  endfacet
  facet normal -1 0 0
    outer loop
      vertex -16 0.41833874610499006 10
      vertex -16 -4.067366430758002 12.864545423573992
      vertex -16 -3.5836794954530027 12.664195735027983
    endloop
  endfacet
  facet normal -1 0 0
    outer loop
      vertex -16 0.41833874610499006 10
      vertex -16 -3.5836794954530027 12.664195735027983
      vertex -16 -3.090169943749474 12.489434837048465
    endloop
  endfacet
  facet normal -1 0 0
    outer loop
      vertex -16 0.41833874610499006 10
      vertex -16 -3.090169943749474 12.489434837048465
      vertex -16 -2.5881904510252074 12.340741737109317
    endloop
  endfacet
  facet normal -1 0 0
    outer loop
      vertex -16 0.41833874610499006 10
      vertex -16 -2.5881904510252074 12.340741737109317
      vertex -16 -2.0791169081775935 12.218523992661943
    endloop
  endfacet
  facet normal -1 0 0
    outer loop
      vertex -16 0.41833874610499006 10
      vertex -16 -2.0791169081775935 12.218523992661943
      vertex -16 -1.5643446504023086 12.123116594048621
    endloop
  endfacet
  facet normal -1 0 0
    outer loop
      vertex -16 0.41833874610499006 10
      vertex -16 -1.5643446504023086 12.123116594048621
      vertex -16 -1.0452846326765348 12.054781046317267
    endloop
  endfacet
  facet normal -1 0 0
    outer loop
      vertex -16 0.41833874610499006 10
      vertex -16 -1.0452846326765348 12.054781046317267
      vertex -16 -0.5233595624294384 12.013704652454262
    endloop
  endfacet
  facet normal -1 0 0
    outer loop
      vertex -16 0.41833874610499006 10
      vertex -16 -0.5233595624294384 12.013704652454262
      vertex -16 0 12
    endloop
  endfacet
  facet normal 0 0 1
    outer loop
      vertex 0 -15 10.01
      vertex -16 -14.99625 10.01
      vertex -16 -15 10.01
    endloop
  endfacet
  facet normal 0 -1 0
    outer loop
      vertex 0 -15 10.01
      vertex -16 -15 10.01
      vertex 0 -15 6
    endloop
  endfacet
  facet normal 0 0 1
    outer loop
      vertex 0 -15 10.01
      vertex 0 -14.99625 10.01
      vertex -16 -14.99625 10.01
    endloop
  endfacet
  facet normal 0 -0.9363291775690445 0.35112344158839165
    outer loop
      vertex 0 -14.99625 10.01
      vertex 0 -12 18
      vertex -16 -14.99625 10.01
    endloop
  endfacet
  facet normal 0 -0.9363291775690445 0.35112344158839165
    outer loop
      vertex 0 -12 18
      vertex -16 -12 18
      vertex -16 -14.99625 10.01
    endloop
  endfacet
  facet normal -1 0 0
    outer loop
      vertex -16 -11.995208977877653 18
      vertex -16 -12.136545544463623 18.341216655911097
      vertex -16 -9.335804264972017 18.416320504547
    endloop
  endfacet
  facet normal -1 0 0
    outer loop
      vertex -16 -12.136545544463623 18.341216655911097
      vertex -16 -12.363734711836996 18.982779073125684
      vertex -16 -9.510565162951535 18.909830056250527
    endloop
  endfacet
  facet normal -1 0 0
    outer loop
      vertex -16 -11.995208977877653 18
      vertex -16 -8.910065241883679 17.460095002604533
      vertex -16 -8.660254037844386 17
    endloop
  endfacet
  facet normal -1 0 0
    outer loop
      vertex -16 -11.995208977877653 18
      vertex -16 -9.135454576426008 17.932633569241997
      vertex -16 -8.910065241883679 17.460095002604533
    endloop
  endfacet
  facet normal -1 0 0
    outer loop
      vertex -16 -11.995208977877653 18
      vertex -16 -9.335804264972017 18.416320504547
      vertex -16 -9.135454576426008 17.932633569241997
    endloop
  endfacet
  facet normal -1 0 0
    outer loop
      vertex -16 -11.995208977877653 18
      vertex -16 -8.660254037844386 17
      vertex -16 -8.386705679454241 16.55360964984973
    endloop
  endfacet
  facet normal -1 0 0
    outer loop
      vertex -16 -12.136545544463623 18.341216655911097
      vertex -16 -9.510565162951535 18.909830056250527
      vertex -16 -9.335804264972017 18.416320504547
    endloop
  endfacet
  facet normal -1 0 0
    outer loop
      vertex -16 -12.363734711836996 18.982779073125684
      vertex -16 -9.659258262890683 19.411809548974794
      vertex -16 -9.510565162951535 18.909830056250527
    endloop
  endfacet
  facet normal -1 0 0
    outer loop
      vertex -16 -12.363734711836996 18.982779073125684
      vertex -16 -12.557035741757888 19.63535241366723
      vertex -16 -9.781476007338057 19.920883091822407
    endloop
  endfacet
  facet normal -1 0 0
    outer loop
      vertex -16 -12.557035741757888 19.63535241366723
      vertex -16 -12.715918809539474 20.29714801936913
      vertex -16 -9.876883405951379 20.435655349597692
    endloop
  endfacet
  facet normal -1 0 0
    outer loop
      vertex -16 -12.715918809539474 20.29714801936913
      vertex -16 -12.839948427736791 20.966351954477
      vertex -16 -9.945218953682733 20.954715367323466
    endloop
  endfacet
  facet normal -1 0 0
    outer loop
      vertex -16 -12.839948427736791 20.966351954477
      vertex -16 -12.928784639787553 21.641129977520507
      vertex -16 -9.986295347545738 21.476640437570563
    endloop
  endfacet
  facet normal -1 0 0
    outer loop
      vertex -16 -12.363734711836996 18.982779073125684
      vertex -16 -9.781476007338057 19.920883091822407
      vertex -16 -9.659258262890683 19.411809548974794
    endloop
  endfacet
  facet normal -1 0 0
    outer loop
      vertex -16 -12.557035741757888 19.63535241366723
      vertex -16 -9.876883405951379 20.435655349597692
      vertex -16 -9.781476007338057 19.920883091822407
    endloop
  endfacet
  facet normal -1 0 0
    outer loop
      vertex -16 -12.715918809539474 20.29714801936913
      vertex -16 -9.945218953682733 20.954715367323466
      vertex -16 -9.876883405951379 20.435655349597692
    endloop
  endfacet
  facet normal -1 0 0
    outer loop
      vertex -16 -12.839948427736791 20.966351954477
      vertex -16 -9.986295347545738 21.476640437570563
      vertex -16 -9.945218953682733 20.954715367323466
    endloop
  endfacet
  facet normal -1 0 0
    outer loop
      vertex -16 -12.928784639787553 21.641129977520507
      vertex -16 -10 22
      vertex -16 -9.986295347545738 21.476640437570563
    endloop
  endfacet
  facet normal -1 0 0
    outer loop
      vertex -16 -12.928784639787553 21.641129977520507
      vertex -16 -12.98218395180946 22.31963256884173
      vertex -16 -10 22
    endloop
  endfacet
  facet normal -1 0 0
    outer loop
      vertex -16 -12.98218395180946 22.31963256884173
      vertex -16 -9.986907039215406 22.5
      vertex -16 -10 22
    endloop
  endfacet
  facet normal -1 0 0
    outer loop
      vertex -16 -12.98218395180946 22.31963256884173
      vertex -16 -13 23
      vertex -16 -9.986907039215406 22.5
    endloop
  endfacet
  facet normal -1 0 0
    outer loop
      vertex -16 -13 23
      vertex -16 -10 23
      vertex -16 -9.986907039215406 22.5
    endloop
  endfacet
  facet normal -1 0 0
    outer loop
      vertex -16 -13 23
      vertex -16 -12.98218395180946 23.68036743115827
      vertex -16 -9.986295347545738 23.523359562429437
    endloop
  endfacet
  facet normal -1 0 0
    outer loop
      vertex -16 -13 23
      vertex -16 -9.986295347545738 23.523359562429437
      vertex -16 -10 23
    endloop
  endfacet
  facet normal -1 0 0
    outer loop
      vertex -16 -9.986295347545738 23.523359562429437
      vertex -16 -12.98218395180946 23.68036743115827
      vertex -16 -12.928784639787553 24.358870022479493
    endloop
  endfacet
  facet normal -1 0 0
    outer loop
      vertex -16 -9.986295347545738 23.523359562429437
      vertex -16 -12.928784639787553 24.358870022479493
      vertex -16 -9.945218953682733 24.045284632676534
    endloop
  endfacet
  facet normal -1 0 0
    outer loop
      vertex -16 -12.928784639787553 24.358870022479493
      vertex -16 -12.839948427736791 25.033648045523
      vertex -16 -9.945218953682733 24.045284632676534
    endloop
  endfacet
  facet normal -1 0 0
    outer loop
      vertex -16 -12.839948427736791 25.033648045523
      vertex -16 -12.715918809539474 25.70285198063087
      vertex -16 -9.876883405951379 24.564344650402308
    endloop
  endfacet
  facet normal -1 0 0
    outer loop
      vertex -16 -12.839948427736791 25.033648045523
      vertex -16 -9.876883405951379 24.564344650402308
      vertex -16 -9.945218953682733 24.045284632676534
    endloop
  endfacet
  facet normal -1 0 0
    outer loop
      vertex -16 -12.715918809539474 25.70285198063087
      vertex -16 -9.781476007338057 25.079116908177593
      vertex -16 -9.876883405951379 24.564344650402308
    endloop
  endfacet
  facet normal -1 0 0
    outer loop
      vertex -16 -12.715918809539474 25.70285198063087
      vertex -16 -9.659258262890683 25.588190451025206
      vertex -16 -9.781476007338057 25.079116908177593
    endloop
  endfacet
  facet normal 0 -0.9238795325112868 -0.3826834323650895
    outer loop
      vertex 0 -11.995208977877653 18
      vertex -16 -12.136545544463623 18.341216655911097
      vertex -16 -11.995208977877653 18
    endloop
  endfacet
  facet normal 0 0 1
    outer loop
      vertex 0 -11.995208977877653 18
      vertex -16 -11.995208977877653 18
      vertex -16 -12 18
    endloop
  endfacet
  facet normal 0 -0.9426414910921787 -0.3338068592337701
    outer loop
      vertex 0 -12.136545544463623 18.341216655911097
      vertex -16 -12.363734711836996 18.982779073125684
      vertex -16 -12.136545544463623 18.341216655911097
    endloop
  endfacet
  facet normal 0 -0.9588197348681927 -0.2840153447039238
    outer loop
      vertex 0 -12.363734711836996 18.982779073125684
      vertex -16 -12.557035741757888 19.63535241366723
      vertex -16 -12.363734711836996 18.982779073125684
    endloop
  endfacet
  facet normal 0 -0.9723699203976764 -0.23344536385590647
    outer loop
      vertex 0 -12.557035741757888 19.63535241366723
      vertex -16 -12.715918809539474 20.29714801936913
      vertex -16 -12.557035741757888 19.63535241366723
    endloop
  endfacet
  facet normal 0 -0.9832549075639545 -0.18223552549214803
    outer loop
      vertex 0 -12.715918809539474 20.29714801936913
      vertex -16 -12.839948427736791 20.966351954477
      vertex -16 -12.715918809539474 20.29714801936913
    endloop
  endfacet
  facet normal 0 -0.9914448613738108 -0.13052619222004916
    outer loop
      vertex 0 -12.839948427736791 20.966351954477
      vertex -16 -12.928784639787553 21.641129977520507
      vertex -16 -12.839948427736791 20.966351954477
    endloop
  endfacet
  facet normal 0 0 1
    outer loop
      vertex 0 -12 18
      vertex 0 -11.995208977877653 18
      vertex -16 -12 18
    endloop
  endfacet
  facet normal 0 -0.9238795325112868 -0.3826834323650895
    outer loop
      vertex 0 -11.995208977877653 18
      vertex 0 -12.136545544463623 18.341216655911097
      vertex -16 -12.136545544463623 18.341216655911097
    endloop
  endfacet
  facet normal 0 -0.9426414910921787 -0.3338068592337701
    outer loop
      vertex 0 -12.136545544463623 18.341216655911097
      vertex 0 -12.363734711836996 18.982779073125684
      vertex -16 -12.363734711836996 18.982779073125684
    endloop
  endfacet
  facet normal 0 -0.9588197348681927 -0.2840153447039238
    outer loop
      vertex 0 -12.363734711836996 18.982779073125684
      vertex 0 -12.557035741757888 19.63535241366723
      vertex -16 -12.557035741757888 19.63535241366723
    endloop
  endfacet
  facet normal 0 -0.9723699203976764 -0.23344536385590647
    outer loop
      vertex 0 -12.557035741757888 19.63535241366723
      vertex 0 -12.715918809539474 20.29714801936913
      vertex -16 -12.715918809539474 20.29714801936913
    endloop
  endfacet
  facet normal 0 -0.9832549075639545 -0.18223552549214803
    outer loop
      vertex 0 -12.715918809539474 20.29714801936913
      vertex 0 -12.839948427736791 20.966351954477
      vertex -16 -12.839948427736791 20.966351954477
    endloop
  endfacet
  facet normal 0 -0.9969173337331279 -0.07845909572784614
    outer loop
      vertex 0 -12.928784639787553 21.641129977520507
      vertex -16 -12.98218395180946 22.31963256884173
      vertex -16 -12.928784639787553 21.641129977520507
    endloop
  endfacet
  facet normal 0 -0.9996573249755573 -0.026176948307872764
    outer loop
      vertex 0 -12.98218395180946 22.31963256884173
      vertex -16 -13 23
      vertex -16 -12.98218395180946 22.31963256884173
    endloop
  endfacet
  facet normal 0 -0.9996573249755573 0.026176948307872764
    outer loop
      vertex 0 -13 23
      vertex -16 -12.98218395180946 23.68036743115827
      vertex -16 -13 23
    endloop
  endfacet
  facet normal 0 0.9996573249755573 0.026176948307873312
    outer loop
      vertex -16 -10 23
      vertex 0 -9.986907039215406 22.5
      vertex -16 -9.986907039215406 22.5
    endloop
  endfacet
  facet normal 0 0.999657324975557 -0.026176948307874395
    outer loop
      vertex 0 -9.986295347545738 23.523359562429437
      vertex -16 -10 23
      vertex -16 -9.986295347545738 23.523359562429437
    endloop
  endfacet
  facet normal 0 -0.9969173337331279 0.07845909572784614
    outer loop
      vertex 0 -12.98218395180946 23.68036743115827
      vertex -16 -12.928784639787553 24.358870022479493
      vertex -16 -12.98218395180946 23.68036743115827
    endloop
  endfacet
  facet normal 0 -0.9914448613738108 0.13052619222004916
    outer loop
      vertex 0 -12.928784639787553 24.358870022479493
      vertex -16 -12.839948427736791 25.033648045523
      vertex -16 -12.928784639787553 24.358870022479493
    endloop
  endfacet
  facet normal 0 -0.9832549075639545 0.18223552549214803
    outer loop
      vertex 0 -12.839948427736791 25.033648045523
      vertex -16 -12.715918809539474 25.70285198063087
      vertex -16 -12.839948427736791 25.033648045523
    endloop
  endfacet
  facet normal 0 0.996917333733128 -0.07845909572784378
    outer loop
      vertex 0 -9.945218953682733 24.045284632676534
      vertex -16 -9.986295347545738 23.523359562429437
      vertex -16 -9.945218953682733 24.045284632676534
    endloop
  endfacet
  facet normal 0 0.9914448613738107 -0.13052619222004896
    outer loop
      vertex 0 -9.876883405951379 24.564344650402308
      vertex -16 -9.945218953682733 24.045284632676534
      vertex -16 -9.876883405951379 24.564344650402308
    endloop
  endfacet
  facet normal 0 0.9832549075639543 -0.18223552549214905
    outer loop
      vertex 0 -9.781476007338057 25.079116908177593
      vertex -16 -9.876883405951379 24.564344650402308
      vertex -16 -9.781476007338057 25.079116908177593
    endloop
  endfacet
  facet normal 0 0.9723699203976761 -0.2334453638559068
    outer loop
      vertex 0 -9.659258262890683 25.588190451025206
      vertex -16 -9.781476007338057 25.079116908177593
      vertex -16 -9.659258262890683 25.588190451025206
    endloop
  endfacet
  facet normal 0 -0.9914448613738108 -0.13052619222004916
    outer loop
      vertex 0 -12.839948427736791 20.966351954477
      vertex 0 -12.928784639787553 21.641129977520507
      vertex -16 -12.928784639787553 21.641129977520507
    endloop
  endfacet
  facet normal 0 -0.9969173337331279 -0.07845909572784614
    outer loop
      vertex 0 -12.928784639787553 21.641129977520507
      vertex 0 -12.98218395180946 22.31963256884173
      vertex -16 -12.98218395180946 22.31963256884173
    endloop
  endfacet
  facet normal 0 -0.9996573249755573 -0.026176948307872764
    outer loop
      vertex 0 -12.98218395180946 22.31963256884173
      vertex 0 -13 23
      vertex -16 -13 23
    endloop
  endfacet
  facet normal 0 -0.9996573249755573 0.026176948307872764
    outer loop
      vertex 0 -13 23
      vertex 0 -12.98218395180946 23.68036743115827
      vertex -16 -12.98218395180946 23.68036743115827
    endloop
  endfacet
  facet normal 0 0.9996573249755573 0.026176948307873312
    outer loop
      vertex 0 -10 23
      vertex 0 -9.986907039215406 22.5
      vertex -16 -10 23
    endloop
  endfacet
  facet normal 0 0.999657324975557 -0.026176948307874395
    outer loop
      vertex 0 -10 23
      vertex -16 -10 23
      vertex 0 -9.986295347545738 23.523359562429437
    endloop
  endfacet
  facet normal 0 -0.9969173337331279 0.07845909572784614
    outer loop
      vertex 0 -12.98218395180946 23.68036743115827
      vertex 0 -12.928784639787553 24.358870022479493
      vertex -16 -12.928784639787553 24.358870022479493
    endloop
  endfacet
  facet normal 0 -0.9914448613738108 0.13052619222004916
    outer loop
      vertex 0 -12.928784639787553 24.358870022479493
      vertex 0 -12.839948427736791 25.033648045523
      vertex -16 -12.839948427736791 25.033648045523
    endloop
  endfacet
  facet normal 0 -0.9832549075639545 0.18223552549214803
    outer loop
      vertex 0 -12.839948427736791 25.033648045523
      vertex 0 -12.715918809539474 25.70285198063087
      vertex -16 -12.715918809539474 25.70285198063087
    endloop
  endfacet
  facet normal 0 0.996917333733128 -0.07845909572784378
    outer loop
      vertex 0 -9.986295347545738 23.523359562429437
      vertex -16 -9.986295347545738 23.523359562429437
      vertex 0 -9.945218953682733 24.045284632676534
    endloop
  endfacet
  facet normal 0 0.9914448613738107 -0.13052619222004896
    outer loop
      vertex 0 -9.945218953682733 24.045284632676534
      vertex -16 -9.945218953682733 24.045284632676534
      vertex 0 -9.876883405951379 24.564344650402308
    endloop
  endfacet
  facet normal 0 0.9832549075639543 -0.18223552549214905
    outer loop
      vertex 0 -9.876883405951379 24.564344650402308
      vertex -16 -9.876883405951379 24.564344650402308
      vertex 0 -9.781476007338057 25.079116908177593
    endloop
  endfacet
  facet normal 0 0.9723699203976761 -0.2334453638559068
    outer loop
      vertex 0 -9.781476007338057 25.079116908177593
      vertex -16 -9.781476007338057 25.079116908177593
      vertex 0 -9.659258262890683 25.588190451025206
    endloop
  endfacet
  facet normal -1 0 0
    outer loop
      vertex -16 -12.715918809539474 25.70285198063087
      vertex -16 -12.557035741757888 26.36464758633277
      vertex -16 -9.659258262890683 25.588190451025206
    endloop
  endfacet
  facet normal -1 0 0
    outer loop
      vertex -16 -12.557035741757888 26.36464758633277
      vertex -16 -12.363734711836996 27.017220926874316
      vertex -16 -9.510565162951535 26.090169943749473
    endloop
  endfacet
  facet normal -1 0 0
    outer loop
      vertex -16 -12.363734711836996 27.017220926874316
      vertex -16 -12.136545544463623 27.658783344088903
      vertex -16 -9.335804264972017 26.583679495453
    endloop
  endfacet
  facet normal -1 0 0
    outer loop
      vertex -16 -12.136545544463623 27.658783344088903
      vertex -16 -11.876090949353811 28.2875763599854
      vertex -16 -8.910065241883679 27.539904997395467
    endloop
  endfacet
  facet normal -1 0 0
    outer loop
      vertex -16 -12.557035741757888 26.36464758633277
      vertex -16 -9.510565162951535 26.090169943749473
      vertex -16 -9.659258262890683 25.588190451025206
    endloop
  endfacet
  facet normal -1 0 0
    outer loop
      vertex -16 -12.363734711836996 27.017220926874316
      vertex -16 -9.335804264972017 26.583679495453
      vertex -16 -9.510565162951535 26.090169943749473
    endloop
  endfacet
  facet normal -1 0 0
    outer loop
      vertex -16 -9.335804264972017 26.583679495453
      vertex -16 -12.136545544463623 27.658783344088903
      vertex -16 -9.135454576426008 27.067366430758003
    endloop
  endfacet
  facet normal -1 0 0
    outer loop
      vertex -16 -9.135454576426008 27.067366430758003
      vertex -16 -12.136545544463623 27.658783344088903
      vertex -16 -8.910065241883679 27.539904997395467
    endloop
  endfacet
  facet normal -1 0 0
    outer loop
      vertex -16 -11.876090949353811 28.2875763599854
      vertex -16 -11.583084814448783 28.901876496614108
      vertex -16 -8.660254037844386 28
    endloop
  endfacet
  facet normal -1 0 0
    outer loop
      vertex -16 -11.876090949353811 28.2875763599854
      vertex -16 -8.660254037844386 28
      vertex -16 -8.910065241883679 27.539904997395467
    endloop
  endfacet
  facet normal -1 0 0
    outer loop
      vertex -16 -11.583084814448783 28.901876496614108
      vertex -16 -8.386705679454241 28.44639035015027
      vertex -16 -8.660254037844386 28
    endloop
  endfacet
  facet normal -1 0 0
    outer loop
      vertex -16 -11.583084814448783 28.901876496614108
      vertex -16 -8.090169943749475 28.877852522924734
      vertex -16 -8.386705679454241 28.44639035015027
    endloop
  endfacet
  facet normal -1 0 0
    outer loop
      vertex -16 -11.583084814448783 28.901876496614108
      vertex -16 -11.258330249197702 29.5
      vertex -16 -8.090169943749475 28.877852522924734
    endloop
  endfacet
  facet normal -1 0 0
    outer loop
      vertex -16 -11.258330249197702 29.5
      vertex -16 -10.902717383290513 30.080307455195353
      vertex -16 -7.771459614569709 29.293203910498374
    endloop
  endfacet
  facet normal -1 0 0
    outer loop
      vertex -16 -11.258330249197702 29.5
      vertex -16 -7.771459614569709 29.293203910498374
      vertex -16 -8.090169943749475 28.877852522924734
    endloop
  endfacet
  facet normal -1 0 0
    outer loop
      vertex -16 -10.902717383290513 30.080307455195353
      vertex -16 -10.517220926874316 30.64120827980215
      vertex -16 -7.0710678118654755 30.071067811865476
    endloop
  endfacet
  facet normal -1 0 0
    outer loop
      vertex -16 -10.517220926874316 30.64120827980215
      vertex -16 -10.10289749894062 31.181165083647887
      vertex -16 -6.691306063588582 30.43144825477394
    endloop
  endfacet
  facet normal -1 0 0
    outer loop
      vertex -16 -10.902717383290513 30.080307455195353
      vertex -16 -7.431448254773942 29.691306063588584
      vertex -16 -7.771459614569709 29.293203910498374
    endloop
  endfacet
  facet normal -1 0 0
    outer loop
      vertex -16 -10.902717383290513 30.080307455195353
      vertex -16 -7.0710678118654755 30.071067811865476
      vertex -16 -7.431448254773942 29.691306063588584
    endloop
  endfacet
  facet normal -1 0 0
    outer loop
      vertex -16 -10.517220926874316 30.64120827980215
      vertex -16 -6.691306063588582 30.43144825477394
      vertex -16 -7.0710678118654755 30.071067811865476
    endloop
  endfacet
  facet normal -1 0 0
    outer loop
      vertex -16 -10.10289749894062 31.181165083647887
      vertex -16 -6.293203910498374 30.771459614569707
      vertex -16 -6.691306063588582 30.43144825477394
    endloop
  endfacet
  facet normal -1 0 0
    outer loop
      vertex -16 -10.10289749894062 31.181165083647887
      vertex -16 -5.877852522924732 31.090169943749473
      vertex -16 -6.293203910498374 30.771459614569707
    endloop
  endfacet
  facet normal -1 0 0
    outer loop
      vertex -16 -10.10289749894062 31.181165083647887
      vertex -16 -9.660882731206126 31.698697882665158
      vertex -16 -5.877852522924732 31.090169943749473
    endloop
  endfacet
  facet normal -1 0 0
    outer loop
      vertex -16 -9.660882731206126 31.698697882665158
      vertex -16 -9.19238815542512 32.19238815542512
      vertex -16 -5.0000000000230855 31.66025403783024
    endloop
  endfacet
  facet normal -1 0 0
    outer loop
      vertex -16 -9.660882731206126 31.698697882665158
      vertex -16 -5.446390350150271 31.38670567945424
      vertex -16 -5.877852522924732 31.090169943749473
    endloop
  endfacet
  facet normal -1 0 0
    outer loop
      vertex -16 -9.660882731206126 31.698697882665158
      vertex -16 -5.0000000000230855 31.66025403783024
      vertex -16 -5.446390350150271 31.38670567945424
    endloop
  endfacet
  facet normal -1 0 0
    outer loop
      vertex -16 -9.19238815542512 32.19238815542512
      vertex -16 -8.698697882665158 32.66088273120613
      vertex -16 -5.0000000000230855 31.66025403783024
    endloop
  endfacet
  facet normal -1 0 0
    outer loop
      vertex -16 -8.698697882665158 32.66088273120613
      vertex -16 -8.181165083647887 33.10289749894062
      vertex -16 -5.0000000000230855 31.66025403783024
    endloop
  endfacet
  facet normal -1 0 0
    outer loop
      vertex -16 -8.181165083647887 33.10289749894062
      vertex -16 -7.641208279802151 33.517220926874316
      vertex -16 -5.0000000000230855 31.66025403783024
    endloop
  endfacet
  facet normal -1 0 0
    outer loop
      vertex -16 -7.641208279802151 33.517220926874316
      vertex -16 -7.080307455195352 33.902717383290515
      vertex -16 -5.0000000000230855 31.66025403783024
    endloop
  endfacet
  facet normal -1 0 0
    outer loop
      vertex -16 -5.0000000000230855 31.66025403783024
      vertex -16 -7.080307455195352 33.902717383290515
      vertex -16 -6.5000000000300115 34.25833024917931
    endloop
  endfacet
  facet normal 0 -0.9723699203976764 0.23344536385590647
    outer loop
      vertex 0 -12.715918809539474 25.70285198063087
      vertex -16 -12.557035741757888 26.36464758633277
      vertex -16 -12.715918809539474 25.70285198063087
    endloop
  endfacet
  facet normal 0 -0.9588197348681927 0.2840153447039238
    outer loop
      vertex 0 -12.557035741757888 26.36464758633277
      vertex -16 -12.363734711836996 27.017220926874316
      vertex -16 -12.557035741757888 26.36464758633277
    endloop
  endfacet
  facet normal 0 -0.9426414910921787 0.3338068592337701
    outer loop
      vertex 0 -12.363734711836996 27.017220926874316
      vertex -16 -12.136545544463623 27.658783344088903
      vertex -16 -12.363734711836996 27.017220926874316
    endloop
  endfacet
  facet normal 0 0.9588197348681925 -0.2840153447039243
    outer loop
      vertex 0 -9.510565162951535 26.090169943749473
      vertex -16 -9.659258262890683 25.588190451025206
      vertex -16 -9.510565162951535 26.090169943749473
    endloop
  endfacet
  facet normal 0 0.942641491092179 -0.3338068592337695
    outer loop
      vertex 0 -9.335804264972017 26.583679495453
      vertex -16 -9.510565162951535 26.090169943749473
      vertex -16 -9.335804264972017 26.583679495453
    endloop
  endfacet
  facet normal 0 0.9238795325112874 -0.3826834323650884
    outer loop
      vertex 0 -9.135454576426008 27.067366430758003
      vertex -16 -9.335804264972017 26.583679495453
      vertex -16 -9.135454576426008 27.067366430758003
    endloop
  endfacet
  facet normal 0 0.9025852843498606 -0.4305110968082954
    outer loop
      vertex 0 -8.910065241883679 27.539904997395467
      vertex -16 -9.135454576426008 27.067366430758003
      vertex -16 -8.910065241883679 27.539904997395467
    endloop
  endfacet
  facet normal 0 -0.9238795325112864 0.38268343236509056
    outer loop
      vertex 0 -12.136545544463623 27.658783344088903
      vertex -16 -11.876090949353811 28.2875763599854
      vertex -16 -12.136545544463623 27.658783344088903
    endloop
  endfacet
  facet normal 0 -0.9025852843498618 0.4305110968082924
    outer loop
      vertex 0 -11.876090949353811 28.2875763599854
      vertex -16 -11.583084814448783 28.901876496614108
      vertex -16 -11.876090949353811 28.2875763599854
    endloop
  endfacet
  facet normal 0 -0.8788171126619643 0.4771587602596105
    outer loop
      vertex 0 -11.583084814448783 28.901876496614108
      vertex -16 -11.258330249197702 29.5
      vertex -16 -11.583084814448783 28.901876496614108
    endloop
  endfacet
  facet normal 0 -0.8526401643540935 0.5224985647159466
    outer loop
      vertex 0 -11.258330249197702 29.5
      vertex -16 -10.902717383290513 30.080307455195353
      vertex -16 -11.258330249197702 29.5
    endloop
  endfacet
  facet normal 0 -0.9723699203976764 0.23344536385590647
    outer loop
      vertex 0 -12.715918809539474 25.70285198063087
      vertex 0 -12.557035741757888 26.36464758633277
      vertex -16 -12.557035741757888 26.36464758633277
    endloop
  endfacet
  facet normal 0 -0.9588197348681927 0.2840153447039238
    outer loop
      vertex 0 -12.557035741757888 26.36464758633277
      vertex 0 -12.363734711836996 27.017220926874316
      vertex -16 -12.363734711836996 27.017220926874316
    endloop
  endfacet
  facet normal 0 -0.9426414910921787 0.3338068592337701
    outer loop
      vertex 0 -12.363734711836996 27.017220926874316
      vertex 0 -12.136545544463623 27.658783344088903
      vertex -16 -12.136545544463623 27.658783344088903
    endloop
  endfacet
  facet normal 0 0.9588197348681925 -0.2840153447039243
    outer loop
      vertex 0 -9.659258262890683 25.588190451025206
      vertex -16 -9.659258262890683 25.588190451025206
      vertex 0 -9.510565162951535 26.090169943749473
    endloop
  endfacet
  facet normal 0 0.942641491092179 -0.3338068592337695
    outer loop
      vertex 0 -9.510565162951535 26.090169943749473
      vertex -16 -9.510565162951535 26.090169943749473
      vertex 0 -9.335804264972017 26.583679495453
    endloop
  endfacet
  facet normal 0 0.9238795325112874 -0.3826834323650884
    outer loop
      vertex 0 -9.335804264972017 26.583679495453
      vertex -16 -9.335804264972017 26.583679495453
      vertex 0 -9.135454576426008 27.067366430758003
    endloop
  endfacet
  facet normal 0 0.9025852843498606 -0.4305110968082954
    outer loop
      vertex 0 -9.135454576426008 27.067366430758003
      vertex -16 -9.135454576426008 27.067366430758003
      vertex 0 -8.910065241883679 27.539904997395467
    endloop
  endfacet
  facet normal 0 0.8788171126619646 -0.4771587602596096
    outer loop
      vertex 0 -8.910065241883679 27.539904997395467
      vertex -16 -8.910065241883679 27.539904997395467
      vertex 0 -8.660254037844386 28
    endloop
  endfacet
  facet normal 0 -0.9238795325112864 0.38268343236509056
    outer loop
      vertex 0 -12.136545544463623 27.658783344088903
      vertex 0 -11.876090949353811 28.2875763599854
      vertex -16 -11.876090949353811 28.2875763599854
    endloop
  endfacet
  facet normal 0 -0.9025852843498618 0.4305110968082924
    outer loop
      vertex 0 -11.876090949353811 28.2875763599854
      vertex 0 -11.583084814448783 28.901876496614108
      vertex -16 -11.583084814448783 28.901876496614108
    endloop
  endfacet
  facet normal 0 -0.8788171126619643 0.4771587602596105
    outer loop
      vertex 0 -11.583084814448783 28.901876496614108
      vertex 0 -11.258330249197702 29.5
      vertex -16 -11.258330249197702 29.5
    endloop
  endfacet
  facet normal 0 -0.8526401643540935 0.5224985647159466
    outer loop
      vertex 0 -11.258330249197702 29.5
      vertex 0 -10.902717383290513 30.080307455195353
      vertex -16 -10.902717383290513 30.080307455195353
    endloop
  endfacet
  facet normal 0 -0.8241261886220141 0.566406236924835
    outer loop
      vertex 0 -10.902717383290513 30.080307455195353
      vertex -16 -10.517220926874316 30.64120827980215
      vertex -16 -10.902717383290513 30.080307455195353
    endloop
  endfacet
  facet normal 0 -0.7933533402912354 0.6087614290087203
    outer loop
      vertex 0 -10.517220926874316 30.64120827980215
      vertex -16 -10.10289749894062 31.181165083647887
      vertex -16 -10.517220926874316 30.64120827980215
    endloop
  endfacet
  facet normal 0 -0.7604059656000327 0.6494480483301815
    outer loop
      vertex 0 -10.10289749894062 31.181165083647887
      vertex -16 -9.660882731206126 31.698697882665158
      vertex -16 -10.10289749894062 31.181165083647887
    endloop
  endfacet
  facet normal 0 -0.7253743710122895 0.688354575693752
    outer loop
      vertex 0 -9.660882731206126 31.698697882665158
      vertex -16 -9.19238815542512 32.19238815542512
      vertex -16 -9.660882731206126 31.698697882665158
    endloop
  endfacet
  facet normal 0 -0.6883545756937548 0.725374371012287
    outer loop
      vertex 0 -8.698697882665158 32.66088273120613
      vertex -16 -8.698697882665158 32.66088273120613
      vertex -16 -9.19238815542512 32.19238815542512
    endloop
  endfacet
  facet normal 0 -0.8241261886220141 0.566406236924835
    outer loop
      vertex 0 -10.902717383290513 30.080307455195353
      vertex 0 -10.517220926874316 30.64120827980215
      vertex -16 -10.517220926874316 30.64120827980215
    endloop
  endfacet
  facet normal 0 -0.7933533402912354 0.6087614290087203
    outer loop
      vertex 0 -10.517220926874316 30.64120827980215
      vertex 0 -10.10289749894062 31.181165083647887
      vertex -16 -10.10289749894062 31.181165083647887
    endloop
  endfacet
  facet normal 0 -0.7604059656000327 0.6494480483301815
    outer loop
      vertex 0 -10.10289749894062 31.181165083647887
      vertex 0 -9.660882731206126 31.698697882665158
      vertex -16 -9.660882731206126 31.698697882665158
    endloop
  endfacet
  facet normal 0 -0.7253743710122895 0.688354575693752
    outer loop
      vertex 0 -9.660882731206126 31.698697882665158
      vertex 0 -9.19238815542512 32.19238815542512
      vertex -16 -9.19238815542512 32.19238815542512
    endloop
  endfacet
  facet normal 0 -0.6883545756937548 0.725374371012287
    outer loop
      vertex 0 -9.19238815542512 32.19238815542512
      vertex 0 -8.698697882665158 32.66088273120613
      vertex -16 -9.19238815542512 32.19238815542512
    endloop
  endfacet
  facet normal 0 0.8788171126619646 -0.4771587602596096
    outer loop
      vertex 0 -8.660254037844386 28
      vertex -16 -8.910065241883679 27.539904997395467
      vertex -16 -8.660254037844386 28
    endloop
  endfacet
  facet normal 0 0.8526401643540937 -0.5224985647159461
    outer loop
      vertex 0 -8.386705679454241 28.44639035015027
      vertex -16 -8.660254037844386 28
      vertex -16 -8.386705679454241 28.44639035015027
    endloop
  endfacet
  facet normal 0 0.8241261886220164 -0.5664062369248316
    outer loop
      vertex 0 -8.090169943749475 28.877852522924734
      vertex -16 -8.386705679454241 28.44639035015027
      vertex -16 -8.090169943749475 28.877852522924734
    endloop
  endfacet
  facet normal 0 0.7933533402912328 -0.6087614290087235
    outer loop
      vertex 0 -7.771459614569709 29.293203910498374
      vertex -16 -8.090169943749475 28.877852522924734
      vertex -16 -7.771459614569709 29.293203910498374
    endloop
  endfacet
  facet normal 0 0.7604059656000326 -0.6494480483301815
    outer loop
      vertex 0 -7.431448254773942 29.691306063588584
      vertex -16 -7.771459614569709 29.293203910498374
      vertex -16 -7.431448254773942 29.691306063588584
    endloop
  endfacet
  facet normal 0 0.7253743710122867 -0.6883545756937551
    outer loop
      vertex 0 -7.0710678118654755 30.071067811865476
      vertex -16 -7.431448254773942 29.691306063588584
      vertex -16 -7.0710678118654755 30.071067811865476
    endloop
  endfacet
  facet normal 0 0.8526401643540937 -0.5224985647159461
    outer loop
      vertex 0 -8.660254037844386 28
      vertex -16 -8.660254037844386 28
      vertex 0 -8.386705679454241 28.44639035015027
    endloop
  endfacet
  facet normal 0 0.8241261886220164 -0.5664062369248316
    outer loop
      vertex 0 -8.386705679454241 28.44639035015027
      vertex -16 -8.386705679454241 28.44639035015027
      vertex 0 -8.090169943749475 28.877852522924734
    endloop
  endfacet
  facet normal 0 0.7933533402912328 -0.6087614290087235
    outer loop
      vertex 0 -8.090169943749475 28.877852522924734
      vertex -16 -8.090169943749475 28.877852522924734
      vertex 0 -7.771459614569709 29.293203910498374
    endloop
  endfacet
  facet normal 0 0.7604059656000326 -0.6494480483301815
    outer loop
      vertex 0 -7.771459614569709 29.293203910498374
      vertex -16 -7.771459614569709 29.293203910498374
      vertex 0 -7.431448254773942 29.691306063588584
    endloop
  endfacet
  facet normal 0 0.7253743710122867 -0.6883545756937551
    outer loop
      vertex 0 -7.431448254773942 29.691306063588584
      vertex -16 -7.431448254773942 29.691306063588584
      vertex 0 -7.0710678118654755 30.071067811865476
    endloop
  endfacet
  facet normal 0 0.6883545756937516 -0.72537437101229
    outer loop
      vertex 0 -6.691306063588582 30.43144825477394
      vertex -16 -7.0710678118654755 30.071067811865476
      vertex -16 -6.691306063588582 30.43144825477394
    endloop
  endfacet
  facet normal 0 0.6494480483301833 -0.7604059656000314
    outer loop
      vertex 0 -6.293203910498374 30.771459614569707
      vertex -16 -6.691306063588582 30.43144825477394
      vertex -16 -6.293203910498374 30.771459614569707
    endloop
  endfacet
  facet normal 0 0.608761429008722 -0.7933533402912342
    outer loop
      vertex 0 -5.877852522924732 31.090169943749473
      vertex -16 -6.293203910498374 30.771459614569707
      vertex -16 -5.877852522924732 31.090169943749473
    endloop
  endfacet
  facet normal 0 0.5664062369248356 -0.8241261886220138
    outer loop
      vertex 0 -5.446390350150271 31.38670567945424
      vertex -16 -5.877852522924732 31.090169943749473
      vertex -16 -5.446390350150271 31.38670567945424
    endloop
  endfacet
  facet normal 0 0.5224985647159461 -0.852640164354094
    outer loop
      vertex 0 -5.0000000000230855 31.66025403783024
      vertex -16 -5.446390350150271 31.38670567945424
      vertex -16 -5.0000000000230855 31.66025403783024
    endloop
  endfacet
  facet normal 0 -0.6494480483301786 0.7604059656000354
    outer loop
      vertex 0 -8.181165083647887 33.10289749894062
      vertex -16 -8.181165083647887 33.10289749894062
      vertex -16 -8.698697882665158 32.66088273120613
    endloop
  endfacet
  facet normal 0 -0.6087614290087209 0.7933533402912348
    outer loop
      vertex 0 -7.641208279802151 33.517220926874316
      vertex -16 -7.641208279802151 33.517220926874316
      vertex -16 -8.181165083647887 33.10289749894062
    endloop
  endfacet
  facet normal 0 -0.5664062369248355 0.8241261886220137
    outer loop
      vertex 0 -7.080307455195352 33.902717383290515
      vertex -16 -7.080307455195352 33.902717383290515
      vertex -16 -7.641208279802151 33.517220926874316
    endloop
  endfacet
  facet normal 0 -0.522498564715944 0.8526401643540953
    outer loop
      vertex 0 -7.080307455195352 33.902717383290515
      vertex -16 -6.5000000000300115 34.25833024917931
      vertex -16 -7.080307455195352 33.902717383290515
    endloop
  endfacet
  facet normal 0 0.8660254037830851 0.5000000000023442
    outer loop
      vertex 0 -5.0000000000230855 31.66025403783024
      vertex -16 -5.0000000000230855 31.66025403783024
      vertex -16 -6.5000000000300115 34.25833024917931
    endloop
  endfacet
  facet normal 0 0.6883545756937516 -0.72537437101229
    outer loop
      vertex 0 -7.0710678118654755 30.071067811865476
      vertex -16 -7.0710678118654755 30.071067811865476
      vertex 0 -6.691306063588582 30.43144825477394
    endloop
  endfacet
  facet normal 0 0.6494480483301833 -0.7604059656000314
    outer loop
      vertex 0 -6.691306063588582 30.43144825477394
      vertex -16 -6.691306063588582 30.43144825477394
      vertex 0 -6.293203910498374 30.771459614569707
    endloop
  endfacet
  facet normal 0 0.608761429008722 -0.7933533402912342
    outer loop
      vertex 0 -6.293203910498374 30.771459614569707
      vertex -16 -6.293203910498374 30.771459614569707
      vertex 0 -5.877852522924732 31.090169943749473
    endloop
  endfacet
  facet normal 0 0.5664062369248356 -0.8241261886220138
    outer loop
      vertex 0 -5.877852522924732 31.090169943749473
      vertex -16 -5.877852522924732 31.090169943749473
      vertex 0 -5.446390350150271 31.38670567945424
    endloop
  endfacet
  facet normal 0 0.5224985647159461 -0.852640164354094
    outer loop
      vertex 0 -5.446390350150271 31.38670567945424
      vertex -16 -5.446390350150271 31.38670567945424
      vertex 0 -5.0000000000230855 31.66025403783024
    endloop
  endfacet
  facet normal 0 -0.6494480483301786 0.7604059656000354
    outer loop
      vertex 0 -8.698697882665158 32.66088273120613
      vertex 0 -8.181165083647887 33.10289749894062
      vertex -16 -8.698697882665158 32.66088273120613
    endloop
  endfacet
  facet normal 0 -0.6087614290087209 0.7933533402912348
    outer loop
      vertex 0 -8.181165083647887 33.10289749894062
      vertex 0 -7.641208279802151 33.517220926874316
      vertex -16 -8.181165083647887 33.10289749894062
    endloop
  endfacet
  facet normal 0 -0.5664062369248355 0.8241261886220137
    outer loop
      vertex 0 -7.641208279802151 33.517220926874316
      vertex 0 -7.080307455195352 33.902717383290515
      vertex -16 -7.641208279802151 33.517220926874316
    endloop
  endfacet
  facet normal 0 -0.522498564715944 0.8526401643540953
    outer loop
      vertex 0 -7.080307455195352 33.902717383290515
      vertex 0 -6.5000000000300115 34.25833024917931
      vertex -16 -6.5000000000300115 34.25833024917931
    endloop
  endfacet
  facet normal 0 0.8660254037830851 0.5000000000023442
    outer loop
      vertex 0 -5.0000000000230855 31.66025403783024
      vertex -16 -6.5000000000300115 34.25833024917931
      vertex 0 -6.5000000000300115 34.25833024917931
    endloop
  endfacet
  facet normal 0 1 0
    outer loop
      vertex 0 15 10.01
      vertex 0 15 6
      vertex -16 15 6
    endloop
  endfacet
  facet normal -1 0 0
    outer loop
      vertex -16 0.41833874610499006 10
      vertex -16 0 12
      vertex -16 0.5233595624294384 12.013704652454262
    endloop
  endfacet
  facet normal -1 0 0
    outer loop
      vertex -16 0.41833874610499006 10
      vertex -16 0.5233595624294384 12.013704652454262
      vertex -16 1.0452846326765348 12.054781046317267
    endloop
  endfacet
  facet normal -1 0 0
    outer loop
      vertex -16 0.41833874610499006 10
      vertex -16 1.0452846326765348 12.054781046317267
      vertex -16 1.5643446504023086 12.123116594048621
    endloop
  endfacet
  facet normal -1 0 0
    outer loop
      vertex -16 0.41833874610499006 10
      vertex -16 1.5643446504023086 12.123116594048621
      vertex -16 2.0791169081775935 12.218523992661943
    endloop
  endfacet
  facet normal -1 0 0
    outer loop
      vertex -16 -0.3435257785239442 10
      vertex -16 0.41833874610499006 10
      vertex -16 15 6
    endloop
  endfacet
  facet normal -1 0 0
    outer loop
      vertex -16 0.41833874610499006 10
      vertex -16 2.0791169081775935 12.218523992661943
      vertex -16 14.99625 10.01
    endloop
  endfacet
  facet normal -1 0 0
    outer loop
      vertex -16 14.99625 10.01
      vertex -16 2.0791169081775935 12.218523992661943
      vertex -16 2.5881904510252074 12.340741737109317
    endloop
  endfacet
  facet normal -1 0 0
    outer loop
      vertex -16 14.99625 10.01
      vertex -16 2.5881904510252074 12.340741737109317
      vertex -16 3.090169943749474 12.489434837048465
    endloop
  endfacet
  facet normal -1 0 0
    outer loop
      vertex -16 14.99625 10.01
      vertex -16 3.090169943749474 12.489434837048465
      vertex -16 3.5836794954530027 12.664195735027983
    endloop
  endfacet
  facet normal -1 0 0
    outer loop
      vertex -16 14.99625 10.01
      vertex -16 3.5836794954530027 12.664195735027983
      vertex -16 4.067366430758002 12.864545423573992
    endloop
  endfacet
  facet normal -1 0 0
    outer loop
      vertex -16 14.99625 10.01
      vertex -16 4.067366430758002 12.864545423573992
      vertex -16 4.5399049973954675 13.089934758116321
    endloop
  endfacet
  facet normal -1 0 0
    outer loop
      vertex -16 14.99625 10.01
      vertex -16 4.5399049973954675 13.089934758116321
      vertex -16 5 13.339745962155614
    endloop
  endfacet
  facet normal -1 0 0
    outer loop
      vertex -16 14.99625 10.01
      vertex -16 5 13.339745962155614
      vertex -16 5.446390350150271 13.613294320545759
    endloop
  endfacet
  facet normal -1 0 0
    outer loop
      vertex -16 0.41833874610499006 10
      vertex -16 14.99625 10.01
      vertex -16 15 6
    endloop
  endfacet
  facet normal -1 0 0
    outer loop
      vertex -16 14.99625 10.01
      vertex -16 5.446390350150271 13.613294320545759
      vertex -16 5.877852522924732 13.909830056250525
    endloop
  endfacet
  facet normal -1 0 0
    outer loop
      vertex -16 14.99625 10.01
      vertex -16 5.877852522924732 13.909830056250525
      vertex -16 6.293203910498374 14.228540385430291
    endloop
  endfacet
  facet normal -1 0 0
    outer loop
      vertex -16 15 10.01
      vertex -16 15 6
      vertex -16 14.99625 10.01
    endloop
  endfacet
  facet normal -1 0 0
    outer loop
      vertex -16 14.99625 10.01
      vertex -16 6.293203910498374 14.228540385430291
      vertex -16 6.691306063588582 14.568551745226058
    endloop
  endfacet
  facet normal -1 0 0
    outer loop
      vertex -16 14.99625 10.01
      vertex -16 6.691306063588582 14.568551745226058
      vertex -16 7.0710678118654755 14.928932188134524
    endloop
  endfacet
  facet normal -1 0 0
    outer loop
      vertex -16 14.99625 10.01
      vertex -16 7.0710678118654755 14.928932188134524
      vertex -16 7.431448254773942 15.308693936411418
    endloop
  endfacet
  facet normal -1 0 0
    outer loop
      vertex -16 14.99625 10.01
      vertex -16 7.431448254773942 15.308693936411418
      vertex -16 7.771459614569709 15.706796089501626
    endloop
  endfacet
  facet normal -1 0 0
    outer loop
      vertex -16 14.99625 10.01
      vertex -16 7.771459614569709 15.706796089501626
      vertex -16 8.090169943749475 16.122147477075266
    endloop
  endfacet
  facet normal -1 0 0
    outer loop
      vertex -16 14.99625 10.01
      vertex -16 8.090169943749475 16.122147477075266
      vertex -16 8.386705679454241 16.55360964984973
    endloop
  endfacet
  facet normal -1 0 0
    outer loop
      vertex -16 14.99625 10.01
      vertex -16 8.386705679454241 16.55360964984973
      vertex -16 8.660254037844386 17
    endloop
  endfacet
  facet normal -1 0 0
    outer loop
      vertex -16 14.99625 10.01
      vertex -16 8.660254037844386 17
      vertex -16 8.910065241883679 17.460095002604533
    endloop
  endfacet
  facet normal -1 0 0
    outer loop
      vertex -16 14.99625 10.01
      vertex -16 8.910065241883679 17.460095002604533
      vertex -16 11.029429785049265 17.7124236400146
    endloop
  endfacet
  facet normal -1 0 0
    outer loop
      vertex -16 14.99625 10.01
      vertex -16 11.029429785049265 17.7124236400146
      vertex -16 11.994538714627495 17.99838184137111
    endloop
  endfacet
  facet normal -1 0 0
    outer loop
      vertex -16 14.99625 10.01
      vertex -16 11.994538714627495 17.99838184137111
      vertex -16 12 18
    endloop
  endfacet
  facet normal 0 1 0
    outer loop
      vertex 0 15 10.01
      vertex -16 15 6
      vertex -16 15 10.01
    endloop
  endfacet
  facet normal 0 0 1
    outer loop
      vertex 0 14.99625 10.01
      vertex -16 15 10.01
      vertex -16 14.99625 10.01
    endloop
  endfacet
  facet normal 0 0.9363291775690445 0.35112344158839165
    outer loop
      vertex 0 14.99625 10.01
      vertex -16 14.99625 10.01
      vertex -16 12 18
    endloop
  endfacet
  facet normal 0 0 1
    outer loop
      vertex 0 15 10.01
      vertex -16 15 10.01
      vertex 0 14.99625 10.01
    endloop
  endfacet
  facet normal 0 0.9363291775690445 0.35112344158839165
    outer loop
      vertex 0 14.99625 10.01
      vertex -16 12 18
      vertex 0 12 18
    endloop
  endfacet
  facet normal -1 0 0
    outer loop
      vertex -16 11.029429785049265 17.7124236400146
      vertex -16 8.910065241883679 17.460095002604533
      vertex -16 9.135454576426008 17.932633569241997
    endloop
  endfacet
  facet normal -1 0 0
    outer loop
      vertex -16 11.995208977877653 18
      vertex -16 9.135454576426008 17.932633569241997
      vertex -16 9.335804264972017 18.416320504547
    endloop
  endfacet
  facet normal -1 0 0
    outer loop
      vertex -16 11.029429785049265 17.7124236400146
      vertex -16 9.135454576426008 17.932633569241997
      vertex -16 11.994538714627495 17.99838184137111
    endloop
  endfacet
  facet normal -1 0 0
    outer loop
      vertex -16 12.136545544463623 18.341216655911097
      vertex -16 9.335804264972017 18.416320504547
      vertex -16 9.510565162951535 18.909830056250527
    endloop
  endfacet
  facet normal -1 0 0
    outer loop
      vertex -16 12.363734711836996 18.982779073125684
      vertex -16 9.510565162951535 18.909830056250527
      vertex -16 9.659258262890683 19.411809548974794
    endloop
  endfacet
  facet normal -1 0 0
    outer loop
      vertex -16 11.994538714627495 17.99838184137111
      vertex -16 9.135454576426008 17.932633569241997
      vertex -16 11.995208977877653 18
    endloop
  endfacet
  facet normal -1 0 0
    outer loop
      vertex -16 12 18
      vertex -16 11.994538714627495 17.99838184137111
      vertex -16 11.995208977877653 18
    endloop
  endfacet
  facet normal -1 0 0
    outer loop
      vertex -16 11.995208977877653 18
      vertex -16 9.335804264972017 18.416320504547
      vertex -16 12.136545544463623 18.341216655911097
    endloop
  endfacet
  facet normal -1 0 0
    outer loop
      vertex -16 12.136545544463623 18.341216655911097
      vertex -16 9.510565162951535 18.909830056250527
      vertex -16 12.363734711836996 18.982779073125684
    endloop
  endfacet
  facet normal -1 0 0
    outer loop
      vertex -16 12.557035741757888 19.63535241366723
      vertex -16 9.659258262890683 19.411809548974794
      vertex -16 9.781476007338057 19.920883091822407
    endloop
  endfacet
  facet normal -1 0 0
    outer loop
      vertex -16 12.715918809539474 20.29714801936913
      vertex -16 9.781476007338057 19.920883091822407
      vertex -16 9.876883405951379 20.435655349597692
    endloop
  endfacet
  facet normal -1 0 0
    outer loop
      vertex -16 12.715918809539474 20.29714801936913
      vertex -16 9.876883405951379 20.435655349597692
      vertex -16 9.945218953682733 20.954715367323466
    endloop
  endfacet
  facet normal -1 0 0
    outer loop
      vertex -16 12.839948427736791 20.966351954477
      vertex -16 9.945218953682733 20.954715367323466
      vertex -16 9.986295347545738 21.476640437570563
    endloop
  endfacet
  facet normal -1 0 0
    outer loop
      vertex -16 12.363734711836996 18.982779073125684
      vertex -16 9.659258262890683 19.411809548974794
      vertex -16 12.557035741757888 19.63535241366723
    endloop
  endfacet
  facet normal -1 0 0
    outer loop
      vertex -16 12.557035741757888 19.63535241366723
      vertex -16 9.781476007338057 19.920883091822407
      vertex -16 12.715918809539474 20.29714801936913
    endloop
  endfacet
  facet normal -1 0 0
    outer loop
      vertex -16 12.715918809539474 20.29714801936913
      vertex -16 9.945218953682733 20.954715367323466
      vertex -16 12.839948427736791 20.966351954477
    endloop
  endfacet
  facet normal -1 0 0
    outer loop
      vertex -16 12.839948427736791 20.966351954477
      vertex -16 9.986295347545738 21.476640437570563
      vertex -16 12.928784639787553 21.641129977520507
    endloop
  endfacet
  facet normal -1 0 0
    outer loop
      vertex -16 10 23
      vertex -16 10 22
      vertex -16 9.986907039215406 22.5
    endloop
  endfacet
  facet normal -1 0 0
    outer loop
      vertex -16 12.928784639787553 21.641129977520507
      vertex -16 9.986295347545738 21.476640437570563
      vertex -16 10 22
    endloop
  endfacet
  facet normal -1 0 0
    outer loop
      vertex -16 12.928784639787553 21.641129977520507
      vertex -16 10 22
      vertex -16 12.98218395180946 22.31963256884173
    endloop
  endfacet
  facet normal -1 0 0
    outer loop
      vertex -16 12.98218395180946 22.31963256884173
      vertex -16 10 22
      vertex -16 13 23
    endloop
  endfacet
  facet normal -1 0 0
    outer loop
      vertex -16 10 23
      vertex -16 13 23
      vertex -16 10 22
    endloop
  endfacet
  facet normal -1 0 0
    outer loop
      vertex -16 10 23
      vertex -16 9.986295347545738 23.523359562429437
      vertex -16 13 23
    endloop
  endfacet
  facet normal -1 0 0
    outer loop
      vertex -16 9.986295347545738 23.523359562429437
      vertex -16 12.98218395180946 23.68036743115827
      vertex -16 13 23
    endloop
  endfacet
  facet normal -1 0 0
    outer loop
      vertex -16 9.945218953682733 24.045284632676534
      vertex -16 9.876883405951379 24.564344650402308
      vertex -16 12.928784639787553 24.358870022479493
    endloop
  endfacet
  facet normal -1 0 0
    outer loop
      vertex -16 9.876883405951379 24.564344650402308
      vertex -16 9.781476007338057 25.079116908177593
      vertex -16 12.839948427736791 25.033648045523
    endloop
  endfacet
  facet normal -1 0 0
    outer loop
      vertex -16 9.781476007338057 25.079116908177593
      vertex -16 9.659258262890683 25.588190451025206
      vertex -16 12.839948427736791 25.033648045523
    endloop
  endfacet
  facet normal -1 0 0
    outer loop
      vertex -16 9.986295347545738 23.523359562429437
      vertex -16 9.945218953682733 24.045284632676534
      vertex -16 12.98218395180946 23.68036743115827
    endloop
  endfacet
  facet normal -1 0 0
    outer loop
      vertex -16 9.945218953682733 24.045284632676534
      vertex -16 12.928784639787553 24.358870022479493
      vertex -16 12.98218395180946 23.68036743115827
    endloop
  endfacet
  facet normal -1 0 0
    outer loop
      vertex -16 9.876883405951379 24.564344650402308
      vertex -16 12.839948427736791 25.033648045523
      vertex -16 12.928784639787553 24.358870022479493
    endloop
  endfacet
  facet normal -1 0 0
    outer loop
      vertex -16 9.659258262890683 25.588190451025206
      vertex -16 12.715918809539474 25.70285198063087
      vertex -16 12.839948427736791 25.033648045523
    endloop
  endfacet
  facet normal 0 0 1
    outer loop
      vertex 0 12 18
      vertex -16 12 18
      vertex -16 11.995208977877653 18
    endloop
  endfacet
  facet normal 0 0.9238795325112868 -0.3826834323650895
    outer loop
      vertex 0 12.136545544463623 18.341216655911097
      vertex -16 11.995208977877653 18
      vertex -16 12.136545544463623 18.341216655911097
    endloop
  endfacet
  facet normal 0 0.9426414910921787 -0.3338068592337701
    outer loop
      vertex 0 12.363734711836996 18.982779073125684
      vertex -16 12.136545544463623 18.341216655911097
      vertex -16 12.363734711836996 18.982779073125684
    endloop
  endfacet
  facet normal 0 0.9588197348681927 -0.2840153447039238
    outer loop
      vertex 0 12.557035741757888 19.63535241366723
      vertex -16 12.363734711836996 18.982779073125684
      vertex -16 12.557035741757888 19.63535241366723
    endloop
  endfacet
  facet normal 0 0.9723699203976764 -0.23344536385590647
    outer loop
      vertex -16 12.557035741757888 19.63535241366723
      vertex -16 12.715918809539474 20.29714801936913
      vertex 0 12.715918809539474 20.29714801936913
    endloop
  endfacet
  facet normal 0 0.9832549075639545 -0.18223552549214803
    outer loop
      vertex 0 12.839948427736791 20.966351954477
      vertex -16 12.715918809539474 20.29714801936913
      vertex -16 12.839948427736791 20.966351954477
    endloop
  endfacet
  facet normal 0 0 1
    outer loop
      vertex 0 12 18
      vertex -16 11.995208977877653 18
      vertex 0 11.995208977877653 18
    endloop
  endfacet
  facet normal 0 0.9238795325112868 -0.3826834323650895
    outer loop
      vertex 0 11.995208977877653 18
      vertex -16 11.995208977877653 18
      vertex 0 12.136545544463623 18.341216655911097
    endloop
  endfacet
  facet normal 0 0.9426414910921787 -0.3338068592337701
    outer loop
      vertex 0 12.136545544463623 18.341216655911097
      vertex -16 12.136545544463623 18.341216655911097
      vertex 0 12.363734711836996 18.982779073125684
    endloop
  endfacet
  facet normal 0 0.9588197348681927 -0.2840153447039238
    outer loop
      vertex 0 12.363734711836996 18.982779073125684
      vertex -16 12.363734711836996 18.982779073125684
      vertex 0 12.557035741757888 19.63535241366723
    endloop
  endfacet
  facet normal 0 0.9723699203976764 -0.23344536385590647
    outer loop
      vertex 0 12.557035741757888 19.63535241366723
      vertex -16 12.557035741757888 19.63535241366723
      vertex 0 12.715918809539474 20.29714801936913
    endloop
  endfacet
  facet normal 0 0.9832549075639545 -0.18223552549214803
    outer loop
      vertex 0 12.715918809539474 20.29714801936913
      vertex -16 12.715918809539474 20.29714801936913
      vertex 0 12.839948427736791 20.966351954477
    endloop
  endfacet
  facet normal 0 0.9914448613738108 -0.13052619222004916
    outer loop
      vertex 0 12.839948427736791 20.966351954477
      vertex -16 12.839948427736791 20.966351954477
      vertex 0 12.928784639787553 21.641129977520507
    endloop
  endfacet
  facet normal 0 -0.9996573249755573 0.026176948307873312
    outer loop
      vertex 0 10 23
      vertex -16 10 23
      vertex -16 9.986907039215406 22.5
    endloop
  endfacet
  facet normal 0 -0.999657324975557 -0.026176948307874395
    outer loop
      vertex 0 10 23
      vertex -16 9.986295347545738 23.523359562429437
      vertex -16 10 23
    endloop
  endfacet
  facet normal 0 0.9914448613738108 -0.13052619222004916
    outer loop
      vertex 0 12.928784639787553 21.641129977520507
      vertex -16 12.839948427736791 20.966351954477
      vertex -16 12.928784639787553 21.641129977520507
    endloop
  endfacet
  facet normal 0 0.9969173337331279 -0.07845909572784614
    outer loop
      vertex 0 12.98218395180946 22.31963256884173
      vertex -16 12.928784639787553 21.641129977520507
      vertex -16 12.98218395180946 22.31963256884173
    endloop
  endfacet
  facet normal 0 0.9996573249755573 -0.026176948307872764
    outer loop
      vertex 0 13 23
      vertex -16 12.98218395180946 22.31963256884173
      vertex -16 13 23
    endloop
  endfacet
  facet normal 0 0.9996573249755573 0.026176948307872764
    outer loop
      vertex 0 12.98218395180946 23.68036743115827
      vertex -16 13 23
      vertex -16 12.98218395180946 23.68036743115827
    endloop
  endfacet
  facet normal 0 -0.996917333733128 -0.07845909572784378
    outer loop
      vertex 0 9.986295347545738 23.523359562429437
      vertex -16 9.945218953682733 24.045284632676534
      vertex -16 9.986295347545738 23.523359562429437
    endloop
  endfacet
  facet normal 0 -0.9914448613738107 -0.13052619222004896
    outer loop
      vertex 0 9.945218953682733 24.045284632676534
      vertex -16 9.876883405951379 24.564344650402308
      vertex -16 9.945218953682733 24.045284632676534
    endloop
  endfacet
  facet normal 0 -0.9723699203976761 -0.2334453638559068
    outer loop
      vertex 0 9.781476007338057 25.079116908177593
      vertex -16 9.659258262890683 25.588190451025206
      vertex -16 9.781476007338057 25.079116908177593
    endloop
  endfacet
  facet normal 0 -0.9832549075639543 -0.18223552549214905
    outer loop
      vertex 0 9.876883405951379 24.564344650402308
      vertex -16 9.781476007338057 25.079116908177593
      vertex -16 9.876883405951379 24.564344650402308
    endloop
  endfacet
  facet normal 0 0.9969173337331279 0.07845909572784614
    outer loop
      vertex 0 12.928784639787553 24.358870022479493
      vertex -16 12.98218395180946 23.68036743115827
      vertex -16 12.928784639787553 24.358870022479493
    endloop
  endfacet
  facet normal 0 0.9914448613738108 0.13052619222004916
    outer loop
      vertex 0 12.839948427736791 25.033648045523
      vertex -16 12.928784639787553 24.358870022479493
      vertex -16 12.839948427736791 25.033648045523
    endloop
  endfacet
  facet normal 0 0.9832549075639545 0.18223552549214803
    outer loop
      vertex 0 12.715918809539474 25.70285198063087
      vertex -16 12.839948427736791 25.033648045523
      vertex -16 12.715918809539474 25.70285198063087
    endloop
  endfacet
  facet normal 0 -0.9996573249755573 0.026176948307873312
    outer loop
      vertex 0 10 23
      vertex -16 9.986907039215406 22.5
      vertex 0 9.986907039215406 22.5
    endloop
  endfacet
  facet normal 0 -0.999657324975557 -0.026176948307874395
    outer loop
      vertex 0 10 23
      vertex 0 9.986295347545738 23.523359562429437
      vertex -16 9.986295347545738 23.523359562429437
    endloop
  endfacet
  facet normal 0 0.9969173337331279 -0.07845909572784614
    outer loop
      vertex 0 12.928784639787553 21.641129977520507
      vertex -16 12.928784639787553 21.641129977520507
      vertex 0 12.98218395180946 22.31963256884173
    endloop
  endfacet
  facet normal 0 0.9996573249755573 -0.026176948307872764
    outer loop
      vertex 0 12.98218395180946 22.31963256884173
      vertex -16 12.98218395180946 22.31963256884173
      vertex 0 13 23
    endloop
  endfacet
  facet normal 0 0.9996573249755573 0.026176948307872764
    outer loop
      vertex 0 13 23
      vertex -16 13 23
      vertex 0 12.98218395180946 23.68036743115827
    endloop
  endfacet
  facet normal 0 -0.996917333733128 -0.07845909572784378
    outer loop
      vertex 0 9.986295347545738 23.523359562429437
      vertex 0 9.945218953682733 24.045284632676534
      vertex -16 9.945218953682733 24.045284632676534
    endloop
  endfacet
  facet normal 0 -0.9914448613738107 -0.13052619222004896
    outer loop
      vertex 0 9.945218953682733 24.045284632676534
      vertex 0 9.876883405951379 24.564344650402308
      vertex -16 9.876883405951379 24.564344650402308
    endloop
  endfacet
  facet normal 0 -0.9832549075639543 -0.18223552549214905
    outer loop
      vertex 0 9.876883405951379 24.564344650402308
      vertex 0 9.781476007338057 25.079116908177593
      vertex -16 9.781476007338057 25.079116908177593
    endloop
  endfacet
  facet normal 0 -0.9723699203976761 -0.2334453638559068
    outer loop
      vertex 0 9.781476007338057 25.079116908177593
      vertex 0 9.659258262890683 25.588190451025206
      vertex -16 9.659258262890683 25.588190451025206
    endloop
  endfacet
  facet normal 0 0.9969173337331279 0.07845909572784614
    outer loop
      vertex 0 12.98218395180946 23.68036743115827
      vertex -16 12.98218395180946 23.68036743115827
      vertex 0 12.928784639787553 24.358870022479493
    endloop
  endfacet
  facet normal 0 0.9914448613738108 0.13052619222004916
    outer loop
      vertex 0 12.928784639787553 24.358870022479493
      vertex -16 12.928784639787553 24.358870022479493
      vertex 0 12.839948427736791 25.033648045523
    endloop
  endfacet
  facet normal 0 0.9832549075639545 0.18223552549214803
    outer loop
      vertex 0 12.839948427736791 25.033648045523
      vertex -16 12.839948427736791 25.033648045523
      vertex 0 12.715918809539474 25.70285198063087
    endloop
  endfacet
  facet normal -1 0 0
    outer loop
      vertex -16 7.431448254773942 29.691306063588584
      vertex -16 7.0710678118654755 30.071067811865476
      vertex -16 10.902717383290513 30.080307455195353
    endloop
  endfacet
  facet normal -1 0 0
    outer loop
      vertex -16 5.877852522924732 31.090169943749473
      vertex -16 10.10289749894062 31.181165083647887
      vertex -16 6.293203910498374 30.771459614569707
    endloop
  endfacet
  facet normal -1 0 0
    outer loop
      vertex -16 7.0710678118654755 30.071067811865476
      vertex -16 6.691306063588582 30.43144825477394
      vertex -16 10.902717383290513 30.080307455195353
    endloop
  endfacet
  facet normal -1 0 0
    outer loop
      vertex -16 6.691306063588582 30.43144825477394
      vertex -16 6.293203910498374 30.771459614569707
      vertex -16 10.517220926874316 30.64120827980215
    endloop
  endfacet
  facet normal -1 0 0
    outer loop
      vertex -16 5.446390350150271 31.38670567945424
      vertex -16 10.10289749894062 31.181165083647887
      vertex -16 5.877852522924732 31.090169943749473
    endloop
  endfacet
  facet normal -1 0 0
    outer loop
      vertex -16 5.446390350150271 31.38670567945424
      vertex -16 9.660882731206126 31.698697882665158
      vertex -16 10.10289749894062 31.181165083647887
    endloop
  endfacet
  facet normal -1 0 0
    outer loop
      vertex -16 5.446390350150271 31.38670567945424
      vertex -16 5.0000000000230855 31.66025403783024
      vertex -16 6.5000000000300115 34.25833024917931
    endloop
  endfacet
  facet normal -1 0 0
    outer loop
      vertex -16 5.446390350150271 31.38670567945424
      vertex -16 6.5000000000300115 34.25833024917931
      vertex -16 9.660882731206126 31.698697882665158
    endloop
  endfacet
  facet normal -1 0 0
    outer loop
      vertex -16 6.5000000000300115 34.25833024917931
      vertex -16 8.698697882665158 32.66088273120613
      vertex -16 9.19238815542512 32.19238815542512
    endloop
  endfacet
  facet normal -1 0 0
    outer loop
      vertex -16 6.5000000000300115 34.25833024917931
      vertex -16 9.19238815542512 32.19238815542512
      vertex -16 9.660882731206126 31.698697882665158
    endloop
  endfacet
  facet normal -1 0 0
    outer loop
      vertex -16 6.5000000000300115 34.25833024917931
      vertex -16 7.641208279802151 33.517220926874316
      vertex -16 8.181165083647887 33.10289749894062
    endloop
  endfacet
  facet normal -1 0 0
    outer loop
      vertex -16 6.5000000000300115 34.25833024917931
      vertex -16 7.080307455195352 33.902717383290515
      vertex -16 7.641208279802151 33.517220926874316
    endloop
  endfacet
  facet normal -1 0 0
    outer loop
      vertex -16 6.5000000000300115 34.25833024917931
      vertex -16 8.181165083647887 33.10289749894062
      vertex -16 8.698697882665158 32.66088273120613
    endloop
  endfacet
  facet normal -1 0 0
    outer loop
      vertex -16 9.659258262890683 25.588190451025206
      vertex -16 9.510565162951535 26.090169943749473
      vertex -16 12.715918809539474 25.70285198063087
    endloop
  endfacet
  facet normal -1 0 0
    outer loop
      vertex -16 9.335804264972017 26.583679495453
      vertex -16 12.557035741757888 26.36464758633277
      vertex -16 9.510565162951535 26.090169943749473
    endloop
  endfacet
  facet normal -1 0 0
    outer loop
      vertex -16 9.335804264972017 26.583679495453
      vertex -16 9.135454576426008 27.067366430758003
      vertex -16 12.363734711836996 27.017220926874316
    endloop
  endfacet
  facet normal -1 0 0
    outer loop
      vertex -16 9.135454576426008 27.067366430758003
      vertex -16 8.910065241883679 27.539904997395467
      vertex -16 12.363734711836996 27.017220926874316
    endloop
  endfacet
  facet normal -1 0 0
    outer loop
      vertex -16 8.910065241883679 27.539904997395467
      vertex -16 8.660254037844386 28
      vertex -16 12.136545544463623 27.658783344088903
    endloop
  endfacet
  facet normal -1 0 0
    outer loop
      vertex -16 9.510565162951535 26.090169943749473
      vertex -16 12.557035741757888 26.36464758633277
      vertex -16 12.715918809539474 25.70285198063087
    endloop
  endfacet
  facet normal -1 0 0
    outer loop
      vertex -16 9.335804264972017 26.583679495453
      vertex -16 12.363734711836996 27.017220926874316
      vertex -16 12.557035741757888 26.36464758633277
    endloop
  endfacet
  facet normal -1 0 0
    outer loop
      vertex -16 12.363734711836996 27.017220926874316
      vertex -16 8.910065241883679 27.539904997395467
      vertex -16 12.136545544463623 27.658783344088903
    endloop
  endfacet
  facet normal -1 0 0
    outer loop
      vertex -16 8.660254037844386 28
      vertex -16 8.386705679454241 28.44639035015027
      vertex -16 11.876090949353811 28.2875763599854
    endloop
  endfacet
  facet normal -1 0 0
    outer loop
      vertex -16 8.386705679454241 28.44639035015027
      vertex -16 8.090169943749475 28.877852522924734
      vertex -16 11.583084814448783 28.901876496614108
    endloop
  endfacet
  facet normal -1 0 0
    outer loop
      vertex -16 8.660254037844386 28
      vertex -16 11.876090949353811 28.2875763599854
      vertex -16 12.136545544463623 27.658783344088903
    endloop
  endfacet
  facet normal -1 0 0
    outer loop
      vertex -16 8.386705679454241 28.44639035015027
      vertex -16 11.583084814448783 28.901876496614108
      vertex -16 11.876090949353811 28.2875763599854
    endloop
  endfacet
  facet normal -1 0 0
    outer loop
      vertex -16 8.090169943749475 28.877852522924734
      vertex -16 7.771459614569709 29.293203910498374
      vertex -16 11.583084814448783 28.901876496614108
    endloop
  endfacet
  facet normal -1 0 0
    outer loop
      vertex -16 7.431448254773942 29.691306063588584
      vertex -16 11.258330249197702 29.5
      vertex -16 7.771459614569709 29.293203910498374
    endloop
  endfacet
  facet normal -1 0 0
    outer loop
      vertex -16 7.771459614569709 29.293203910498374
      vertex -16 11.258330249197702 29.5
      vertex -16 11.583084814448783 28.901876496614108
    endloop
  endfacet
  facet normal -1 0 0
    outer loop
      vertex -16 7.431448254773942 29.691306063588584
      vertex -16 10.902717383290513 30.080307455195353
      vertex -16 11.258330249197702 29.5
    endloop
  endfacet
  facet normal -1 0 0
    outer loop
      vertex -16 6.691306063588582 30.43144825477394
      vertex -16 10.517220926874316 30.64120827980215
      vertex -16 10.902717383290513 30.080307455195353
    endloop
  endfacet
  facet normal -1 0 0
    outer loop
      vertex -16 6.293203910498374 30.771459614569707
      vertex -16 10.10289749894062 31.181165083647887
      vertex -16 10.517220926874316 30.64120827980215
    endloop
  endfacet
  facet normal 0 -0.8526401643540937 -0.5224985647159461
    outer loop
      vertex 0 8.660254037844386 28
      vertex -16 8.386705679454241 28.44639035015027
      vertex -16 8.660254037844386 28
    endloop
  endfacet
  facet normal 0 -0.8241261886220164 -0.5664062369248316
    outer loop
      vertex 0 8.386705679454241 28.44639035015027
      vertex -16 8.090169943749475 28.877852522924734
      vertex -16 8.386705679454241 28.44639035015027
    endloop
  endfacet
  facet normal 0 -0.7253743710122867 -0.6883545756937551
    outer loop
      vertex 0 7.431448254773942 29.691306063588584
      vertex -16 7.0710678118654755 30.071067811865476
      vertex -16 7.431448254773942 29.691306063588584
    endloop
  endfacet
  facet normal 0 -0.7933533402912328 -0.6087614290087235
    outer loop
      vertex 0 8.090169943749475 28.877852522924734
      vertex -16 7.771459614569709 29.293203910498374
      vertex -16 8.090169943749475 28.877852522924734
    endloop
  endfacet
  facet normal 0 -0.7604059656000326 -0.6494480483301815
    outer loop
      vertex 0 7.771459614569709 29.293203910498374
      vertex -16 7.431448254773942 29.691306063588584
      vertex -16 7.771459614569709 29.293203910498374
    endloop
  endfacet
  facet normal 0 -0.8788171126619646 -0.4771587602596096
    outer loop
      vertex 0 8.910065241883679 27.539904997395467
      vertex 0 8.660254037844386 28
      vertex -16 8.660254037844386 28
    endloop
  endfacet
  facet normal 0 -0.8526401643540937 -0.5224985647159461
    outer loop
      vertex 0 8.660254037844386 28
      vertex 0 8.386705679454241 28.44639035015027
      vertex -16 8.386705679454241 28.44639035015027
    endloop
  endfacet
  facet normal 0 -0.8241261886220164 -0.5664062369248316
    outer loop
      vertex 0 8.386705679454241 28.44639035015027
      vertex 0 8.090169943749475 28.877852522924734
      vertex -16 8.090169943749475 28.877852522924734
    endloop
  endfacet
  facet normal 0 -0.7604059656000326 -0.6494480483301815
    outer loop
      vertex 0 7.431448254773942 29.691306063588584
      vertex -16 7.431448254773942 29.691306063588584
      vertex 0 7.771459614569709 29.293203910498374
    endloop
  endfacet
  facet normal 0 -0.7253743710122867 -0.6883545756937551
    outer loop
      vertex 0 7.431448254773942 29.691306063588584
      vertex 0 7.0710678118654755 30.071067811865476
      vertex -16 7.0710678118654755 30.071067811865476
    endloop
  endfacet
  facet normal 0 -0.7933533402912328 -0.6087614290087235
    outer loop
      vertex 0 8.090169943749475 28.877852522924734
      vertex 0 7.771459614569709 29.293203910498374
      vertex -16 7.771459614569709 29.293203910498374
    endloop
  endfacet
  facet normal 0 -0.6494480483301833 -0.7604059656000314
    outer loop
      vertex 0 6.691306063588582 30.43144825477394
      vertex -16 6.293203910498374 30.771459614569707
      vertex -16 6.691306063588582 30.43144825477394
    endloop
  endfacet
  facet normal 0 -0.608761429008722 -0.7933533402912342
    outer loop
      vertex 0 6.293203910498374 30.771459614569707
      vertex -16 5.877852522924732 31.090169943749473
      vertex -16 6.293203910498374 30.771459614569707
    endloop
  endfacet
  facet normal 0 -0.5224985647159461 -0.852640164354094
    outer loop
      vertex 0 5.446390350150271 31.38670567945424
      vertex -16 5.0000000000230855 31.66025403783024
      vertex -16 5.446390350150271 31.38670567945424
    endloop
  endfacet
  facet normal 0 -0.5664062369248356 -0.8241261886220138
    outer loop
      vertex 0 5.877852522924732 31.090169943749473
      vertex -16 5.446390350150271 31.38670567945424
      vertex -16 5.877852522924732 31.090169943749473
    endloop
  endfacet
  facet normal 0 -0.6883545756937516 -0.72537437101229
    outer loop
      vertex 0 7.0710678118654755 30.071067811865476
      vertex -16 6.691306063588582 30.43144825477394
      vertex -16 7.0710678118654755 30.071067811865476
    endloop
  endfacet
  facet normal 0 -0.8660254037830851 0.5000000000023442
    outer loop
      vertex 0 6.5000000000300115 34.25833024917931
      vertex -16 6.5000000000300115 34.25833024917931
      vertex -16 5.0000000000230855 31.66025403783024
    endloop
  endfacet
  facet normal 0 0.6494480483301786 0.7604059656000354
    outer loop
      vertex 0 8.698697882665158 32.66088273120613
      vertex -16 8.698697882665158 32.66088273120613
      vertex -16 8.181165083647887 33.10289749894062
    endloop
  endfacet
  facet normal 0 0.5664062369248355 0.8241261886220137
    outer loop
      vertex 0 7.641208279802151 33.517220926874316
      vertex -16 7.641208279802151 33.517220926874316
      vertex -16 7.080307455195352 33.902717383290515
    endloop
  endfacet
  facet normal 0 0.522498564715944 0.8526401643540953
    outer loop
      vertex 0 6.5000000000300115 34.25833024917931
      vertex -16 7.080307455195352 33.902717383290515
      vertex -16 6.5000000000300115 34.25833024917931
    endloop
  endfacet
  facet normal 0 0.6087614290087209 0.7933533402912348
    outer loop
      vertex 0 8.181165083647887 33.10289749894062
      vertex -16 8.181165083647887 33.10289749894062
      vertex -16 7.641208279802151 33.517220926874316
    endloop
  endfacet
  facet normal 0 -0.6494480483301833 -0.7604059656000314
    outer loop
      vertex 0 6.691306063588582 30.43144825477394
      vertex 0 6.293203910498374 30.771459614569707
      vertex -16 6.293203910498374 30.771459614569707
    endloop
  endfacet
  facet normal 0 -0.608761429008722 -0.7933533402912342
    outer loop
      vertex 0 5.877852522924732 31.090169943749473
      vertex -16 5.877852522924732 31.090169943749473
      vertex 0 6.293203910498374 30.771459614569707
    endloop
  endfacet
  facet normal 0 -0.5224985647159461 -0.852640164354094
    outer loop
      vertex 0 5.446390350150271 31.38670567945424
      vertex 0 5.0000000000230855 31.66025403783024
      vertex -16 5.0000000000230855 31.66025403783024
    endloop
  endfacet
  facet normal 0 -0.5664062369248356 -0.8241261886220138
    outer loop
      vertex 0 5.446390350150271 31.38670567945424
      vertex -16 5.446390350150271 31.38670567945424
      vertex 0 5.877852522924732 31.090169943749473
    endloop
  endfacet
  facet normal 0 -0.6883545756937516 -0.72537437101229
    outer loop
      vertex 0 7.0710678118654755 30.071067811865476
      vertex 0 6.691306063588582 30.43144825477394
      vertex -16 6.691306063588582 30.43144825477394
    endloop
  endfacet
  facet normal 0 -0.8660254037830851 0.5000000000023442
    outer loop
      vertex 0 5.0000000000230855 31.66025403783024
      vertex 0 6.5000000000300115 34.25833024917931
      vertex -16 5.0000000000230855 31.66025403783024
    endloop
  endfacet
  facet normal 0 0.6494480483301786 0.7604059656000354
    outer loop
      vertex 0 8.181165083647887 33.10289749894062
      vertex 0 8.698697882665158 32.66088273120613
      vertex -16 8.181165083647887 33.10289749894062
    endloop
  endfacet
  facet normal 0 0.522498564715944 0.8526401643540953
    outer loop
      vertex 0 6.5000000000300115 34.25833024917931
      vertex 0 7.080307455195352 33.902717383290515
      vertex -16 7.080307455195352 33.902717383290515
    endloop
  endfacet
  facet normal 0 0.5664062369248355 0.8241261886220137
    outer loop
      vertex 0 7.080307455195352 33.902717383290515
      vertex 0 7.641208279802151 33.517220926874316
      vertex -16 7.080307455195352 33.902717383290515
    endloop
  endfacet
  facet normal 0 0.6087614290087209 0.7933533402912348
    outer loop
      vertex 0 8.181165083647887 33.10289749894062
      vertex -16 7.641208279802151 33.517220926874316
      vertex 0 7.641208279802151 33.517220926874316
    endloop
  endfacet
  facet normal 0 -0.9588197348681925 -0.2840153447039243
    outer loop
      vertex 0 9.659258262890683 25.588190451025206
      vertex -16 9.510565162951535 26.090169943749473
      vertex -16 9.659258262890683 25.588190451025206
    endloop
  endfacet
  facet normal 0 -0.9238795325112874 -0.3826834323650884
    outer loop
      vertex 0 9.335804264972017 26.583679495453
      vertex -16 9.135454576426008 27.067366430758003
      vertex -16 9.335804264972017 26.583679495453
    endloop
  endfacet
  facet normal 0 -0.942641491092179 -0.3338068592337695
    outer loop
      vertex 0 9.510565162951535 26.090169943749473
      vertex -16 9.335804264972017 26.583679495453
      vertex -16 9.510565162951535 26.090169943749473
    endloop
  endfacet
  facet normal 0 -0.9025852843498606 -0.4305110968082954
    outer loop
      vertex 0 9.135454576426008 27.067366430758003
      vertex -16 8.910065241883679 27.539904997395467
      vertex -16 9.135454576426008 27.067366430758003
    endloop
  endfacet
  facet normal 0 -0.8788171126619646 -0.4771587602596096
    outer loop
      vertex 0 8.910065241883679 27.539904997395467
      vertex -16 8.660254037844386 28
      vertex -16 8.910065241883679 27.539904997395467
    endloop
  endfacet
  facet normal 0 0.9723699203976764 0.23344536385590647
    outer loop
      vertex 0 12.557035741757888 26.36464758633277
      vertex -16 12.715918809539474 25.70285198063087
      vertex -16 12.557035741757888 26.36464758633277
    endloop
  endfacet
  facet normal 0 0.9588197348681927 0.2840153447039238
    outer loop
      vertex 0 12.363734711836996 27.017220926874316
      vertex -16 12.557035741757888 26.36464758633277
      vertex -16 12.363734711836996 27.017220926874316
    endloop
  endfacet
  facet normal 0 0.9426414910921787 0.3338068592337701
    outer loop
      vertex 0 12.136545544463623 27.658783344088903
      vertex -16 12.363734711836996 27.017220926874316
      vertex -16 12.136545544463623 27.658783344088903
    endloop
  endfacet
  facet normal 0 0.9238795325112864 0.38268343236509056
    outer loop
      vertex 0 11.876090949353811 28.2875763599854
      vertex -16 12.136545544463623 27.658783344088903
      vertex -16 11.876090949353811 28.2875763599854
    endloop
  endfacet
  facet normal 0 0.9025852843498618 0.4305110968082924
    outer loop
      vertex 0 11.583084814448783 28.901876496614108
      vertex -16 11.876090949353811 28.2875763599854
      vertex -16 11.583084814448783 28.901876496614108
    endloop
  endfacet
  facet normal 0 0.8788171126619643 0.4771587602596105
    outer loop
      vertex 0 11.258330249197702 29.5
      vertex -16 11.583084814448783 28.901876496614108
      vertex -16 11.258330249197702 29.5
    endloop
  endfacet
  facet normal 0 0.8526401643540935 0.5224985647159466
    outer loop
      vertex 0 10.902717383290513 30.080307455195353
      vertex -16 11.258330249197702 29.5
      vertex -16 10.902717383290513 30.080307455195353
    endloop
  endfacet
  facet normal 0 -0.9588197348681925 -0.2840153447039243
    outer loop
      vertex 0 9.659258262890683 25.588190451025206
      vertex 0 9.510565162951535 26.090169943749473
      vertex -16 9.510565162951535 26.090169943749473
    endloop
  endfacet
  facet normal 0 -0.942641491092179 -0.3338068592337695
    outer loop
      vertex 0 9.335804264972017 26.583679495453
      vertex -16 9.335804264972017 26.583679495453
      vertex 0 9.510565162951535 26.090169943749473
    endloop
  endfacet
  facet normal 0 -0.9238795325112874 -0.3826834323650884
    outer loop
      vertex 0 9.335804264972017 26.583679495453
      vertex 0 9.135454576426008 27.067366430758003
      vertex -16 9.135454576426008 27.067366430758003
    endloop
  endfacet
  facet normal 0 -0.9025852843498606 -0.4305110968082954
    outer loop
      vertex 0 9.135454576426008 27.067366430758003
      vertex 0 8.910065241883679 27.539904997395467
      vertex -16 8.910065241883679 27.539904997395467
    endloop
  endfacet
  facet normal 0 0.9723699203976764 0.23344536385590647
    outer loop
      vertex 0 12.715918809539474 25.70285198063087
      vertex -16 12.715918809539474 25.70285198063087
      vertex 0 12.557035741757888 26.36464758633277
    endloop
  endfacet
  facet normal 0 0.9588197348681927 0.2840153447039238
    outer loop
      vertex 0 12.557035741757888 26.36464758633277
      vertex -16 12.557035741757888 26.36464758633277
      vertex 0 12.363734711836996 27.017220926874316
    endloop
  endfacet
  facet normal 0 0.9426414910921787 0.3338068592337701
    outer loop
      vertex 0 12.363734711836996 27.017220926874316
      vertex -16 12.363734711836996 27.017220926874316
      vertex 0 12.136545544463623 27.658783344088903
    endloop
  endfacet
  facet normal 0 0.9025852843498618 0.4305110968082924
    outer loop
      vertex 0 11.876090949353811 28.2875763599854
      vertex -16 11.876090949353811 28.2875763599854
      vertex 0 11.583084814448783 28.901876496614108
    endloop
  endfacet
  facet normal 0 0.9238795325112864 0.38268343236509056
    outer loop
      vertex 0 12.136545544463623 27.658783344088903
      vertex -16 12.136545544463623 27.658783344088903
      vertex 0 11.876090949353811 28.2875763599854
    endloop
  endfacet
  facet normal 0 0.8788171126619643 0.4771587602596105
    outer loop
      vertex 0 11.583084814448783 28.901876496614108
      vertex -16 11.583084814448783 28.901876496614108
      vertex 0 11.258330249197702 29.5
    endloop
  endfacet
  facet normal 0 0.8526401643540935 0.5224985647159466
    outer loop
      vertex 0 10.902717383290513 30.080307455195353
      vertex 0 11.258330249197702 29.5
      vertex -16 11.258330249197702 29.5
    endloop
  endfacet
  facet normal 0 0.8241261886220141 0.566406236924835
    outer loop
      vertex 0 10.517220926874316 30.64120827980215
      vertex -16 10.902717383290513 30.080307455195353
      vertex -16 10.517220926874316 30.64120827980215
    endloop
  endfacet
  facet normal 0 0.7933533402912354 0.6087614290087203
    outer loop
      vertex 0 10.10289749894062 31.181165083647887
      vertex -16 10.517220926874316 30.64120827980215
      vertex -16 10.10289749894062 31.181165083647887
    endloop
  endfacet
  facet normal 0 0.7604059656000327 0.6494480483301815
    outer loop
      vertex 0 9.660882731206126 31.698697882665158
      vertex -16 10.10289749894062 31.181165083647887
      vertex -16 9.660882731206126 31.698697882665158
    endloop
  endfacet
  facet normal 0 0.7253743710122895 0.688354575693752
    outer loop
      vertex 0 9.19238815542512 32.19238815542512
      vertex -16 9.660882731206126 31.698697882665158
      vertex -16 9.19238815542512 32.19238815542512
    endloop
  endfacet
  facet normal 0 0.6883545756937548 0.725374371012287
    outer loop
      vertex 0 9.19238815542512 32.19238815542512
      vertex -16 9.19238815542512 32.19238815542512
      vertex -16 8.698697882665158 32.66088273120613
    endloop
  endfacet
  facet normal 0 0.8241261886220141 0.566406236924835
    outer loop
      vertex 0 10.902717383290513 30.080307455195353
      vertex -16 10.902717383290513 30.080307455195353
      vertex 0 10.517220926874316 30.64120827980215
    endloop
  endfacet
  facet normal 0 0.7933533402912354 0.6087614290087203
    outer loop
      vertex 0 10.517220926874316 30.64120827980215
      vertex -16 10.517220926874316 30.64120827980215
      vertex 0 10.10289749894062 31.181165083647887
    endloop
  endfacet
  facet normal 0 0.7253743710122895 0.688354575693752
    outer loop
      vertex 0 9.19238815542512 32.19238815542512
      vertex 0 9.660882731206126 31.698697882665158
      vertex -16 9.660882731206126 31.698697882665158
    endloop
  endfacet
  facet normal 0 0.7604059656000327 0.6494480483301815
    outer loop
      vertex 0 10.10289749894062 31.181165083647887
      vertex -16 10.10289749894062 31.181165083647887
      vertex 0 9.660882731206126 31.698697882665158
    endloop
  endfacet
  facet normal 0 0.6883545756937548 0.725374371012287
    outer loop
      vertex 0 9.19238815542512 32.19238815542512
      vertex -16 8.698697882665158 32.66088273120613
      vertex 0 8.698697882665158 32.66088273120613
    endloop
  endfacet
  facet normal 1 0 0
    outer loop
      vertex 0 -15 10.01
      vertex 0 -15 6
      vertex 0 -14.99625 10.01
    endloop
  endfacet
  facet normal 1 0 0
    outer loop
      vertex 0 -14.99625 10.01
      vertex 0 -15 6
      vertex 0 -14.96625 10.01
    endloop
  endfacet
  facet normal 1 0 0
    outer loop
      vertex 0 -14.99625 10.01
      vertex 0 -14.96625 10.01
      vertex 0 -12 18
    endloop
  endfacet
  facet normal 1 0 0
    outer loop
      vertex 0 -14.96625 10.01
      vertex 0 -15 6
      vertex 0 -0.41833874610499006 10
    endloop
  endfacet
  facet normal 1 0 0
    outer loop
      vertex 0 -14.96625 10.01
      vertex 0 -5.446390350150271 13.613294320545759
      vertex 0 -5.877852522924732 13.909830056250525
    endloop
  endfacet
  facet normal 1 0 0
    outer loop
      vertex 0 -14.96625 10.01
      vertex 0 -5.877852522924732 13.909830056250525
      vertex 0 -6.293203910498374 14.228540385430291
    endloop
  endfacet
  facet normal 1 0 0
    outer loop
      vertex 0 -14.96625 10.01
      vertex 0 -7.431448254773942 15.308693936411418
      vertex 0 -7.771459614569709 15.706796089501626
    endloop
  endfacet
  facet normal 1 0 0
    outer loop
      vertex 0 -14.96625 10.01
      vertex 0 -6.293203910498374 14.228540385430291
      vertex 0 -6.691306063588582 14.568551745226058
    endloop
  endfacet
  facet normal 1 0 0
    outer loop
      vertex 0 -14.96625 10.01
      vertex 0 -6.691306063588582 14.568551745226058
      vertex 0 -7.0710678118654755 14.928932188134524
    endloop
  endfacet
  facet normal 1 0 0
    outer loop
      vertex 0 -14.96625 10.01
      vertex 0 -7.0710678118654755 14.928932188134524
      vertex 0 -7.431448254773942 15.308693936411418
    endloop
  endfacet
  facet normal 1 0 0
    outer loop
      vertex 0 -14.96625 10.01
      vertex 0 -8.090169943749475 16.122147477075266
      vertex 0 -8.386705679454241 16.55360964984973
    endloop
  endfacet
  facet normal 1 0 0
    outer loop
      vertex 0 -14.96625 10.01
      vertex 0 -7.771459614569709 15.706796089501626
      vertex 0 -8.090169943749475 16.122147477075266
    endloop
  endfacet
  facet normal 1 0 0
    outer loop
      vertex 0 -14.96625 10.01
      vertex 0 -8.386705679454241 16.55360964984973
      vertex 0 -8.660254037844386 17
    endloop
  endfacet
  facet normal 1 0 0
    outer loop
      vertex 0 -14.96625 10.01
      vertex 0 -8.660254037844386 17
      vertex 0 -8.910065241883679 17.460095002604533
    endloop
  endfacet
  facet normal 1 0 0
    outer loop
      vertex 0 -14.96625 10.01
      vertex 0 -11.995208977877653 18
      vertex 0 -12 18
    endloop
  endfacet
  facet normal 1 0 0
    outer loop
      vertex 0 -14.96625 10.01
      vertex 0 -8.910065241883679 17.460095002604533
      vertex 0 -11.995208977877653 18
    endloop
  endfacet
  facet normal 1 0 0
    outer loop
      vertex 0 -0.41833874610499006 10
      vertex 0 -15 6
      vertex 0 0.3435257785239442 10
    endloop
  endfacet
  facet normal 1 0 0
    outer loop
      vertex 0 -14.96625 10.01
      vertex 0 -3.090169943749474 12.489434837048465
      vertex 0 -3.5836794954530027 12.664195735027983
    endloop
  endfacet
  facet normal 1 0 0
    outer loop
      vertex 0 -14.96625 10.01
      vertex 0 -2.5881904510252074 12.340741737109317
      vertex 0 -3.090169943749474 12.489434837048465
    endloop
  endfacet
  facet normal 1 0 0
    outer loop
      vertex 0 -14.96625 10.01
      vertex 0 -4.067366430758002 12.864545423573992
      vertex 0 -4.5399049973954675 13.089934758116321
    endloop
  endfacet
  facet normal 1 0 0
    outer loop
      vertex 0 -14.96625 10.01
      vertex 0 -4.5399049973954675 13.089934758116321
      vertex 0 -5 13.339745962155614
    endloop
  endfacet
  facet normal 1 0 0
    outer loop
      vertex 0 -14.96625 10.01
      vertex 0 -5 13.339745962155614
      vertex 0 -5.446390350150271 13.613294320545759
    endloop
  endfacet
  facet normal 1 0 0
    outer loop
      vertex 0 -14.96625 10.01
      vertex 0 -3.5836794954530027 12.664195735027983
      vertex 0 -4.067366430758002 12.864545423573992
    endloop
  endfacet
  facet normal 1 0 0
    outer loop
      vertex 0 -14.96625 10.01
      vertex 0 -0.41833874610499006 10
      vertex 0 -2.0791169081775935 12.218523992661943
    endloop
  endfacet
  facet normal 1 0 0
    outer loop
      vertex 0 -14.96625 10.01
      vertex 0 -2.0791169081775935 12.218523992661943
      vertex 0 -2.5881904510252074 12.340741737109317
    endloop
  endfacet
  facet normal 1 0 0
    outer loop
      vertex 0 -0.41833874610499006 10
      vertex 0 -1.5643446504023086 12.123116594048621
      vertex 0 -2.0791169081775935 12.218523992661943
    endloop
  endfacet
  facet normal 1 0 0
    outer loop
      vertex 0 -0.41833874610499006 10
      vertex 0 -1.0452846326765348 12.054781046317267
      vertex 0 -1.5643446504023086 12.123116594048621
    endloop
  endfacet
  facet normal 1 0 0
    outer loop
      vertex 0 -0.41833874610499006 10
      vertex 0 -0.5233595624294384 12.013704652454262
      vertex 0 -1.0452846326765348 12.054781046317267
    endloop
  endfacet
  facet normal 1 0 0
    outer loop
      vertex 0 -0.41833874610499006 10
      vertex 0 0 12
      vertex 0 -0.5233595624294384 12.013704652454262
    endloop
  endfacet
  facet normal 1 0 0
    outer loop
      vertex 0 -11.995208977877653 18
      vertex 0 -9.335804264972017 18.416320504547
      vertex 0 -12.136545544463623 18.341216655911097
    endloop
  endfacet
  facet normal 1 0 0
    outer loop
      vertex 0 -12.136545544463623 18.341216655911097
      vertex 0 -9.510565162951535 18.909830056250527
      vertex 0 -12.363734711836996 18.982779073125684
    endloop
  endfacet
  facet normal 1 0 0
    outer loop
      vertex 0 -11.995208977877653 18
      vertex 0 -8.910065241883679 17.460095002604533
      vertex 0 -9.135454576426008 17.932633569241997
    endloop
  endfacet
  facet normal 1 0 0
    outer loop
      vertex 0 -11.995208977877653 18
      vertex 0 -9.135454576426008 17.932633569241997
      vertex 0 -9.335804264972017 18.416320504547
    endloop
  endfacet
  facet normal 1 0 0
    outer loop
      vertex 0 -12.136545544463623 18.341216655911097
      vertex 0 -9.335804264972017 18.416320504547
      vertex 0 -9.510565162951535 18.909830056250527
    endloop
  endfacet
  facet normal 1 0 0
    outer loop
      vertex 0 -12.363734711836996 18.982779073125684
      vertex 0 -9.510565162951535 18.909830056250527
      vertex 0 -9.659258262890683 19.411809548974794
    endloop
  endfacet
  facet normal 1 0 0
    outer loop
      vertex 0 -12.363734711836996 18.982779073125684
      vertex 0 -9.659258262890683 19.411809548974794
      vertex 0 -12.557035741757888 19.63535241366723
    endloop
  endfacet
  facet normal 1 0 0
    outer loop
      vertex 0 -12.557035741757888 19.63535241366723
      vertex 0 -9.781476007338057 19.920883091822407
      vertex 0 -12.715918809539474 20.29714801936913
    endloop
  endfacet
  facet normal 1 0 0
    outer loop
      vertex 0 -12.715918809539474 20.29714801936913
      vertex 0 -9.945218953682733 20.954715367323466
      vertex 0 -12.839948427736791 20.966351954477
    endloop
  endfacet
  facet normal 1 0 0
    outer loop
      vertex 0 -12.839948427736791 20.966351954477
      vertex 0 -9.986295347545738 21.476640437570563
      vertex 0 -12.928784639787553 21.641129977520507
    endloop
  endfacet
  facet normal 1 0 0
    outer loop
      vertex 0 -12.557035741757888 19.63535241366723
      vertex 0 -9.659258262890683 19.411809548974794
      vertex 0 -9.781476007338057 19.920883091822407
    endloop
  endfacet
  facet normal 1 0 0
    outer loop
      vertex 0 -12.715918809539474 20.29714801936913
      vertex 0 -9.781476007338057 19.920883091822407
      vertex 0 -9.876883405951379 20.435655349597692
    endloop
  endfacet
  facet normal 1 0 0
    outer loop
      vertex 0 -12.715918809539474 20.29714801936913
      vertex 0 -9.876883405951379 20.435655349597692
      vertex 0 -9.945218953682733 20.954715367323466
    endloop
  endfacet
  facet normal 1 0 0
    outer loop
      vertex 0 -12.839948427736791 20.966351954477
      vertex 0 -9.945218953682733 20.954715367323466
      vertex 0 -9.986295347545738 21.476640437570563
    endloop
  endfacet
  facet normal 1 0 0
    outer loop
      vertex 0 -12.928784639787553 21.641129977520507
      vertex 0 -9.986295347545738 21.476640437570563
      vertex 0 -10 22
    endloop
  endfacet
  facet normal 1 0 0
    outer loop
      vertex 0 -12.928784639787553 21.641129977520507
      vertex 0 -10 22
      vertex 0 -12.98218395180946 22.31963256884173
    endloop
  endfacet
  facet normal 1 0 0
    outer loop
      vertex 0 -12.98218395180946 22.31963256884173
      vertex 0 -10 22
      vertex 0 -13 23
    endloop
  endfacet
  facet normal 1 0 0
    outer loop
      vertex 0 -13 23
      vertex 0 -10 22
      vertex 0 -10 23
    endloop
  endfacet
  facet normal 1 0 0
    outer loop
      vertex 0 -13 23
      vertex 0 -9.986295347545738 23.523359562429437
      vertex 0 -12.98218395180946 23.68036743115827
    endloop
  endfacet
  facet normal 1 0 0
    outer loop
      vertex 0 -13 23
      vertex 0 -10 23
      vertex 0 -9.986295347545738 23.523359562429437
    endloop
  endfacet
  facet normal 1 0 0
    outer loop
      vertex 0 -10 23
      vertex 0 -10 22
      vertex 0 -9.986907039215406 22.5
    endloop
  endfacet
  facet normal 1 0 0
    outer loop
      vertex 0 -12.98218395180946 23.68036743115827
      vertex 0 -9.945218953682733 24.045284632676534
      vertex 0 -12.928784639787553 24.358870022479493
    endloop
  endfacet
  facet normal 1 0 0
    outer loop
      vertex 0 -9.986295347545738 23.523359562429437
      vertex 0 -9.945218953682733 24.045284632676534
      vertex 0 -12.98218395180946 23.68036743115827
    endloop
  endfacet
  facet normal 1 0 0
    outer loop
      vertex 0 -12.928784639787553 24.358870022479493
      vertex 0 -9.876883405951379 24.564344650402308
      vertex 0 -12.839948427736791 25.033648045523
    endloop
  endfacet
  facet normal 1 0 0
    outer loop
      vertex 0 -12.839948427736791 25.033648045523
      vertex 0 -9.659258262890683 25.588190451025206
      vertex 0 -12.715918809539474 25.70285198063087
    endloop
  endfacet
  facet normal 1 0 0
    outer loop
      vertex 0 -12.928784639787553 24.358870022479493
      vertex 0 -9.945218953682733 24.045284632676534
      vertex 0 -9.876883405951379 24.564344650402308
    endloop
  endfacet
  facet normal 1 0 0
    outer loop
      vertex 0 -12.839948427736791 25.033648045523
      vertex 0 -9.876883405951379 24.564344650402308
      vertex 0 -9.781476007338057 25.079116908177593
    endloop
  endfacet
  facet normal 1 0 0
    outer loop
      vertex 0 -12.839948427736791 25.033648045523
      vertex 0 -9.781476007338057 25.079116908177593
      vertex 0 -9.659258262890683 25.588190451025206
    endloop
  endfacet
  facet normal 1 0 0
    outer loop
      vertex 0 -12.715918809539474 25.70285198063087
      vertex 0 -9.510565162951535 26.090169943749473
      vertex 0 -12.557035741757888 26.36464758633277
    endloop
  endfacet
  facet normal 1 0 0
    outer loop
      vertex 0 -12.557035741757888 26.36464758633277
      vertex 0 -9.335804264972017 26.583679495453
      vertex 0 -12.363734711836996 27.017220926874316
    endloop
  endfacet
  facet normal 1 0 0
    outer loop
      vertex 0 -12.363734711836996 27.017220926874316
      vertex 0 -8.910065241883679 27.539904997395467
      vertex 0 -12.136545544463623 27.658783344088903
    endloop
  endfacet
  facet normal 1 0 0
    outer loop
      vertex 0 -12.715918809539474 25.70285198063087
      vertex 0 -9.659258262890683 25.588190451025206
      vertex 0 -9.510565162951535 26.090169943749473
    endloop
  endfacet
  facet normal 1 0 0
    outer loop
      vertex 0 -12.557035741757888 26.36464758633277
      vertex 0 -9.510565162951535 26.090169943749473
      vertex 0 -9.335804264972017 26.583679495453
    endloop
  endfacet
  facet normal 1 0 0
    outer loop
      vertex 0 -12.363734711836996 27.017220926874316
      vertex 0 -9.335804264972017 26.583679495453
      vertex 0 -9.135454576426008 27.067366430758003
    endloop
  endfacet
  facet normal 1 0 0
    outer loop
      vertex 0 -12.363734711836996 27.017220926874316
      vertex 0 -9.135454576426008 27.067366430758003
      vertex 0 -8.910065241883679 27.539904997395467
    endloop
  endfacet
  facet normal 1 0 0
    outer loop
      vertex 0 -12.136545544463623 27.658783344088903
      vertex 0 -8.910065241883679 27.539904997395467
      vertex 0 -8.660254037844386 28
    endloop
  endfacet
  facet normal 1 0 0
    outer loop
      vertex 0 -12.136545544463623 27.658783344088903
      vertex 0 -8.660254037844386 28
      vertex 0 -11.876090949353811 28.2875763599854
    endloop
  endfacet
  facet normal 1 0 0
    outer loop
      vertex 0 -11.876090949353811 28.2875763599854
      vertex 0 -8.386705679454241 28.44639035015027
      vertex 0 -11.583084814448783 28.901876496614108
    endloop
  endfacet
  facet normal 1 0 0
    outer loop
      vertex 0 -11.876090949353811 28.2875763599854
      vertex 0 -8.660254037844386 28
      vertex 0 -8.386705679454241 28.44639035015027
    endloop
  endfacet
  facet normal 1 0 0
    outer loop
      vertex 0 -11.583084814448783 28.901876496614108
      vertex 0 -8.386705679454241 28.44639035015027
      vertex 0 -8.090169943749475 28.877852522924734
    endloop
  endfacet
  facet normal 1 0 0
    outer loop
      vertex 0 -11.583084814448783 28.901876496614108
      vertex 0 -7.771459614569709 29.293203910498374
      vertex 0 -11.258330249197702 29.5
    endloop
  endfacet
  facet normal 1 0 0
    outer loop
      vertex 0 -11.258330249197702 29.5
      vertex 0 -7.431448254773942 29.691306063588584
      vertex 0 -10.902717383290513 30.080307455195353
    endloop
  endfacet
  facet normal 1 0 0
    outer loop
      vertex 0 -11.583084814448783 28.901876496614108
      vertex 0 -8.090169943749475 28.877852522924734
      vertex 0 -7.771459614569709 29.293203910498374
    endloop
  endfacet
  facet normal 1 0 0
    outer loop
      vertex 0 -11.258330249197702 29.5
      vertex 0 -7.771459614569709 29.293203910498374
      vertex 0 -7.431448254773942 29.691306063588584
    endloop
  endfacet
  facet normal 1 0 0
    outer loop
      vertex 0 -10.902717383290513 30.080307455195353
      vertex 0 -6.691306063588582 30.43144825477394
      vertex 0 -10.517220926874316 30.64120827980215
    endloop
  endfacet
  facet normal 1 0 0
    outer loop
      vertex 0 -10.517220926874316 30.64120827980215
      vertex 0 -6.293203910498374 30.771459614569707
      vertex 0 -10.10289749894062 31.181165083647887
    endloop
  endfacet
  facet normal 1 0 0
    outer loop
      vertex 0 -10.902717383290513 30.080307455195353
      vertex 0 -7.431448254773942 29.691306063588584
      vertex 0 -7.0710678118654755 30.071067811865476
    endloop
  endfacet
  facet normal 1 0 0
    outer loop
      vertex 0 -10.902717383290513 30.080307455195353
      vertex 0 -7.0710678118654755 30.071067811865476
      vertex 0 -6.691306063588582 30.43144825477394
    endloop
  endfacet
  facet normal 1 0 0
    outer loop
      vertex 0 -10.517220926874316 30.64120827980215
      vertex 0 -6.691306063588582 30.43144825477394
      vertex 0 -6.293203910498374 30.771459614569707
    endloop
  endfacet
  facet normal 1 0 0
    outer loop
      vertex 0 -10.10289749894062 31.181165083647887
      vertex 0 -6.293203910498374 30.771459614569707
      vertex 0 -5.877852522924732 31.090169943749473
    endloop
  endfacet
  facet normal 1 0 0
    outer loop
      vertex 0 -10.10289749894062 31.181165083647887
      vertex 0 -5.446390350150271 31.38670567945424
      vertex 0 -9.660882731206126 31.698697882665158
    endloop
  endfacet
  facet normal 1 0 0
    outer loop
      vertex 0 -10.10289749894062 31.181165083647887
      vertex 0 -5.877852522924732 31.090169943749473
      vertex 0 -5.446390350150271 31.38670567945424
    endloop
  endfacet
  facet normal 1 0 0
    outer loop
      vertex 0 -9.660882731206126 31.698697882665158
      vertex 0 -6.5000000000300115 34.25833024917931
      vertex 0 -9.19238815542512 32.19238815542512
    endloop
  endfacet
  facet normal 1 0 0
    outer loop
      vertex 0 -9.19238815542512 32.19238815542512
      vertex 0 -6.5000000000300115 34.25833024917931
      vertex 0 -8.698697882665158 32.66088273120613
    endloop
  endfacet
  facet normal 1 0 0
    outer loop
      vertex 0 -9.660882731206126 31.698697882665158
      vertex 0 -5.446390350150271 31.38670567945424
      vertex 0 -6.5000000000300115 34.25833024917931
    endloop
  endfacet
  facet normal 1 0 0
    outer loop
      vertex 0 -8.698697882665158 32.66088273120613
      vertex 0 -6.5000000000300115 34.25833024917931
      vertex 0 -8.181165083647887 33.10289749894062
    endloop
  endfacet
  facet normal 1 0 0
    outer loop
      vertex 0 -8.181165083647887 33.10289749894062
      vertex 0 -6.5000000000300115 34.25833024917931
      vertex 0 -7.641208279802151 33.517220926874316
    endloop
  endfacet
  facet normal 1 0 0
    outer loop
      vertex 0 -7.641208279802151 33.517220926874316
      vertex 0 -6.5000000000300115 34.25833024917931
      vertex 0 -7.080307455195352 33.902717383290515
    endloop
  endfacet
  facet normal 1 0 0
    outer loop
      vertex 0 -5.446390350150271 31.38670567945424
      vertex 0 -5.0000000000230855 31.66025403783024
      vertex 0 -6.5000000000300115 34.25833024917931
    endloop
  endfacet
  facet normal 1 0 0
    outer loop
      vertex 0 15 10.01
      vertex 0 -15 6
      vertex 0 15 6
    endloop
  endfacet
  facet normal 1 0 0
    outer loop
      vertex 0 0.3435257785239442 10
      vertex 0 -15 6
      vertex 0 15 10.01
    endloop
  endfacet
  facet normal 1 0 0
    outer loop
      vertex 0 -0.41833874610499006 10
      vertex 0 0.5233595624294384 12.013704652454262
      vertex 0 0 12
    endloop
  endfacet
  facet normal 1 0 0
    outer loop
      vertex 0 -0.41833874610499006 10
      vertex 0 1.0452846326765348 12.054781046317267
      vertex 0 0.5233595624294384 12.013704652454262
    endloop
  endfacet
  facet normal 1 0 0
    outer loop
      vertex 0 -0.41833874610499006 10
      vertex 0 1.5643446504023086 12.123116594048621
      vertex 0 1.0452846326765348 12.054781046317267
    endloop
  endfacet
  facet normal 1 0 0
    outer loop
      vertex 0 -0.41833874610499006 10
      vertex 0 2.0791169081775935 12.218523992661943
      vertex 0 1.5643446504023086 12.123116594048621
    endloop
  endfacet
  facet normal 1 0 0
    outer loop
      vertex 0 -0.41833874610499006 10
      vertex 0 0.3435257785239442 10
      vertex 0 4.067366430758002 12.864545423573992
    endloop
  endfacet
  facet normal 1 0 0
    outer loop
      vertex 0 -0.41833874610499006 10
      vertex 0 2.5881904510252074 12.340741737109317
      vertex 0 2.0791169081775935 12.218523992661943
    endloop
  endfacet
  facet normal 1 0 0
    outer loop
      vertex 0 -0.41833874610499006 10
      vertex 0 3.090169943749474 12.489434837048465
      vertex 0 2.5881904510252074 12.340741737109317
    endloop
  endfacet
  facet normal 1 0 0
    outer loop
      vertex 0 -0.41833874610499006 10
      vertex 0 3.5836794954530027 12.664195735027983
      vertex 0 3.090169943749474 12.489434837048465
    endloop
  endfacet
  facet normal 1 0 0
    outer loop
      vertex 0 -0.41833874610499006 10
      vertex 0 4.067366430758002 12.864545423573992
      vertex 0 3.5836794954530027 12.664195735027983
    endloop
  endfacet
  facet normal 1 0 0
    outer loop
      vertex 0 0.3435257785239442 10
      vertex 0 4.5399049973954675 13.089934758116321
      vertex 0 4.067366430758002 12.864545423573992
    endloop
  endfacet
  facet normal 1 0 0
    outer loop
      vertex 0 0.3435257785239442 10
      vertex 0 5 13.339745962155614
      vertex 0 4.5399049973954675 13.089934758116321
    endloop
  endfacet
  facet normal 1 0 0
    outer loop
      vertex 0 0.3435257785239442 10
      vertex 0 5.446390350150271 13.613294320545759
      vertex 0 5 13.339745962155614
    endloop
  endfacet
  facet normal 1 0 0
    outer loop
      vertex 0 0.3435257785239442 10
      vertex 0 12 18
      vertex 0 5.446390350150271 13.613294320545759
    endloop
  endfacet
  facet normal 1 0 0
    outer loop
      vertex 0 12 18
      vertex 0 5.877852522924732 13.909830056250525
      vertex 0 5.446390350150271 13.613294320545759
    endloop
  endfacet
  facet normal 1 0 0
    outer loop
      vertex 0 12 18
      vertex 0 6.293203910498374 14.228540385430291
      vertex 0 5.877852522924732 13.909830056250525
    endloop
  endfacet
  facet normal 1 0 0
    outer loop
      vertex 0 12 18
      vertex 0 6.691306063588582 14.568551745226058
      vertex 0 6.293203910498374 14.228540385430291
    endloop
  endfacet
  facet normal 1 0 0
    outer loop
      vertex 0 12 18
      vertex 0 7.0710678118654755 14.928932188134524
      vertex 0 6.691306063588582 14.568551745226058
    endloop
  endfacet
  facet normal 1 0 0
    outer loop
      vertex 0 0.3435257785239442 10
      vertex 0 15 10.01
      vertex 0 14.99625 10.01
    endloop
  endfacet
  facet normal 1 0 0
    outer loop
      vertex 0 0.3435257785239442 10
      vertex 0 14.99625 10.01
      vertex 0 12 18
    endloop
  endfacet
  facet normal 1 0 0
    outer loop
      vertex 0 12 18
      vertex 0 7.431448254773942 15.308693936411418
      vertex 0 7.0710678118654755 14.928932188134524
    endloop
  endfacet
  facet normal 1 0 0
    outer loop
      vertex 0 12 18
      vertex 0 7.771459614569709 15.706796089501626
      vertex 0 7.431448254773942 15.308693936411418
    endloop
  endfacet
  facet normal 1 0 0
    outer loop
      vertex 0 12 18
      vertex 0 8.090169943749475 16.122147477075266
      vertex 0 7.771459614569709 15.706796089501626
    endloop
  endfacet
  facet normal 1 0 0
    outer loop
      vertex 0 12 18
      vertex 0 8.386705679454241 16.55360964984973
      vertex 0 8.090169943749475 16.122147477075266
    endloop
  endfacet
  facet normal 1 0 0
    outer loop
      vertex 0 12 18
      vertex 0 8.660254037844386 17
      vertex 0 8.386705679454241 16.55360964984973
    endloop
  endfacet
  facet normal 1 0 0
    outer loop
      vertex 0 11.995208977877653 18
      vertex 0 8.910065241883679 17.460095002604533
      vertex 0 8.660254037844386 17
    endloop
  endfacet
  facet normal 1 0 0
    outer loop
      vertex 0 11.995208977877653 18
      vertex 0 9.135454576426008 17.932633569241997
      vertex 0 8.910065241883679 17.460095002604533
    endloop
  endfacet
  facet normal 1 0 0
    outer loop
      vertex 0 11.995208977877653 18
      vertex 0 9.335804264972017 18.416320504547
      vertex 0 9.135454576426008 17.932633569241997
    endloop
  endfacet
  facet normal 1 0 0
    outer loop
      vertex 0 12 18
      vertex 0 11.995208977877653 18
      vertex 0 8.660254037844386 17
    endloop
  endfacet
  facet normal 1 0 0
    outer loop
      vertex 0 12.136545544463623 18.341216655911097
      vertex 0 9.510565162951535 18.909830056250527
      vertex 0 9.335804264972017 18.416320504547
    endloop
  endfacet
  facet normal 1 0 0
    outer loop
      vertex 0 12.363734711836996 18.982779073125684
      vertex 0 9.659258262890683 19.411809548974794
      vertex 0 9.510565162951535 18.909830056250527
    endloop
  endfacet
  facet normal 1 0 0
    outer loop
      vertex 0 11.995208977877653 18
      vertex 0 12.136545544463623 18.341216655911097
      vertex 0 9.335804264972017 18.416320504547
    endloop
  endfacet
  facet normal 1 0 0
    outer loop
      vertex 0 12.136545544463623 18.341216655911097
      vertex 0 12.363734711836996 18.982779073125684
      vertex 0 9.510565162951535 18.909830056250527
    endloop
  endfacet
  facet normal 1 0 0
    outer loop
      vertex 0 12.363734711836996 18.982779073125684
      vertex 0 9.781476007338057 19.920883091822407
      vertex 0 9.659258262890683 19.411809548974794
    endloop
  endfacet
  facet normal 1 0 0
    outer loop
      vertex 0 12.557035741757888 19.63535241366723
      vertex 0 9.876883405951379 20.435655349597692
      vertex 0 9.781476007338057 19.920883091822407
    endloop
  endfacet
  facet normal 1 0 0
    outer loop
      vertex 0 12.715918809539474 20.29714801936913
      vertex 0 9.945218953682733 20.954715367323466
      vertex 0 9.876883405951379 20.435655349597692
    endloop
  endfacet
  facet normal 1 0 0
    outer loop
      vertex 0 12.839948427736791 20.966351954477
      vertex 0 9.986295347545738 21.476640437570563
      vertex 0 9.945218953682733 20.954715367323466
    endloop
  endfacet
  facet normal 1 0 0
    outer loop
      vertex 0 12.363734711836996 18.982779073125684
      vertex 0 12.557035741757888 19.63535241366723
      vertex 0 9.781476007338057 19.920883091822407
    endloop
  endfacet
  facet normal 1 0 0
    outer loop
      vertex 0 12.557035741757888 19.63535241366723
      vertex 0 12.715918809539474 20.29714801936913
      vertex 0 9.876883405951379 20.435655349597692
    endloop
  endfacet
  facet normal 1 0 0
    outer loop
      vertex 0 12.715918809539474 20.29714801936913
      vertex 0 12.839948427736791 20.966351954477
      vertex 0 9.945218953682733 20.954715367323466
    endloop
  endfacet
  facet normal 1 0 0
    outer loop
      vertex 0 12.839948427736791 20.966351954477
      vertex 0 12.928784639787553 21.641129977520507
      vertex 0 9.986295347545738 21.476640437570563
    endloop
  endfacet
  facet normal 1 0 0
    outer loop
      vertex 0 12.928784639787553 21.641129977520507
      vertex 0 10 22
      vertex 0 9.986295347545738 21.476640437570563
    endloop
  endfacet
  facet normal 1 0 0
    outer loop
      vertex 0 12.98218395180946 22.31963256884173
      vertex 0 9.986907039215406 22.5
      vertex 0 10 22
    endloop
  endfacet
  facet normal 1 0 0
    outer loop
      vertex 0 12.928784639787553 21.641129977520507
      vertex 0 12.98218395180946 22.31963256884173
      vertex 0 10 22
    endloop
  endfacet
  facet normal 1 0 0
    outer loop
      vertex 0 10 23
      vertex 0 9.986907039215406 22.5
      vertex 0 13 23
    endloop
  endfacet
  facet normal 1 0 0
    outer loop
      vertex 0 12.98218395180946 22.31963256884173
      vertex 0 13 23
      vertex 0 9.986907039215406 22.5
    endloop
  endfacet
  facet normal 1 0 0
    outer loop
      vertex 0 10 23
      vertex 0 13 23
      vertex 0 9.986295347545738 23.523359562429437
    endloop
  endfacet
  facet normal 1 0 0
    outer loop
      vertex 0 9.986295347545738 23.523359562429437
      vertex 0 13 23
      vertex 0 12.98218395180946 23.68036743115827
    endloop
  endfacet
  facet normal 1 0 0
    outer loop
      vertex 0 9.945218953682733 24.045284632676534
      vertex 0 12.839948427736791 25.033648045523
      vertex 0 9.876883405951379 24.564344650402308
    endloop
  endfacet
  facet normal 1 0 0
    outer loop
      vertex 0 9.876883405951379 24.564344650402308
      vertex 0 12.715918809539474 25.70285198063087
      vertex 0 9.781476007338057 25.079116908177593
    endloop
  endfacet
  facet normal 1 0 0
    outer loop
      vertex 0 9.781476007338057 25.079116908177593
      vertex 0 12.715918809539474 25.70285198063087
      vertex 0 9.659258262890683 25.588190451025206
    endloop
  endfacet
  facet normal 1 0 0
    outer loop
      vertex 0 9.986295347545738 23.523359562429437
      vertex 0 12.928784639787553 24.358870022479493
      vertex 0 9.945218953682733 24.045284632676534
    endloop
  endfacet
  facet normal 1 0 0
    outer loop
      vertex 0 9.986295347545738 23.523359562429437
      vertex 0 12.98218395180946 23.68036743115827
      vertex 0 12.928784639787553 24.358870022479493
    endloop
  endfacet
  facet normal 1 0 0
    outer loop
      vertex 0 9.945218953682733 24.045284632676534
      vertex 0 12.928784639787553 24.358870022479493
      vertex 0 12.839948427736791 25.033648045523
    endloop
  endfacet
  facet normal 1 0 0
    outer loop
      vertex 0 9.876883405951379 24.564344650402308
      vertex 0 12.839948427736791 25.033648045523
      vertex 0 12.715918809539474 25.70285198063087
    endloop
  endfacet
  facet normal 1 0 0
    outer loop
      vertex 0 7.431448254773942 29.691306063588584
      vertex 0 7.771459614569709 29.293203910498374
      vertex 0 10.902717383290513 30.080307455195353
    endloop
  endfacet
  facet normal 1 0 0
    outer loop
      vertex 0 7.431448254773942 29.691306063588584
      vertex 0 10.902717383290513 30.080307455195353
      vertex 0 7.0710678118654755 30.071067811865476
    endloop
  endfacet
  facet normal 1 0 0
    outer loop
      vertex 0 5.877852522924732 31.090169943749473
      vertex 0 6.293203910498374 30.771459614569707
      vertex 0 10.10289749894062 31.181165083647887
    endloop
  endfacet
  facet normal 1 0 0
    outer loop
      vertex 0 7.0710678118654755 30.071067811865476
      vertex 0 10.517220926874316 30.64120827980215
      vertex 0 6.691306063588582 30.43144825477394
    endloop
  endfacet
  facet normal 1 0 0
    outer loop
      vertex 0 6.691306063588582 30.43144825477394
      vertex 0 10.10289749894062 31.181165083647887
      vertex 0 6.293203910498374 30.771459614569707
    endloop
  endfacet
  facet normal 1 0 0
    outer loop
      vertex 0 5.446390350150271 31.38670567945424
      vertex 0 9.660882731206126 31.698697882665158
      vertex 0 5.0000000000230855 31.66025403783024
    endloop
  endfacet
  facet normal 1 0 0
    outer loop
      vertex 0 5.446390350150271 31.38670567945424
      vertex 0 5.877852522924732 31.090169943749473
      vertex 0 9.660882731206126 31.698697882665158
    endloop
  endfacet
  facet normal 1 0 0
    outer loop
      vertex 0 5.877852522924732 31.090169943749473
      vertex 0 10.10289749894062 31.181165083647887
      vertex 0 9.660882731206126 31.698697882665158
    endloop
  endfacet
  facet normal 1 0 0
    outer loop
      vertex 0 5.0000000000230855 31.66025403783024
      vertex 0 9.660882731206126 31.698697882665158
      vertex 0 9.19238815542512 32.19238815542512
    endloop
  endfacet
  facet normal 1 0 0
    outer loop
      vertex 0 5.0000000000230855 31.66025403783024
      vertex 0 7.080307455195352 33.902717383290515
      vertex 0 6.5000000000300115 34.25833024917931
    endloop
  endfacet
  facet normal 1 0 0
    outer loop
      vertex 0 5.0000000000230855 31.66025403783024
      vertex 0 9.19238815542512 32.19238815542512
      vertex 0 8.698697882665158 32.66088273120613
    endloop
  endfacet
  facet normal 1 0 0
    outer loop
      vertex 0 5.0000000000230855 31.66025403783024
      vertex 0 8.698697882665158 32.66088273120613
      vertex 0 8.181165083647887 33.10289749894062
    endloop
  endfacet
  facet normal 1 0 0
    outer loop
      vertex 0 5.0000000000230855 31.66025403783024
      vertex 0 8.181165083647887 33.10289749894062
      vertex 0 7.641208279802151 33.517220926874316
    endloop
  endfacet
  facet normal 1 0 0
    outer loop
      vertex 0 5.0000000000230855 31.66025403783024
      vertex 0 7.641208279802151 33.517220926874316
      vertex 0 7.080307455195352 33.902717383290515
    endloop
  endfacet
  facet normal 1 0 0
    outer loop
      vertex 0 9.659258262890683 25.588190451025206
      vertex 0 12.557035741757888 26.36464758633277
      vertex 0 9.510565162951535 26.090169943749473
    endloop
  endfacet
  facet normal 1 0 0
    outer loop
      vertex 0 9.335804264972017 26.583679495453
      vertex 0 9.510565162951535 26.090169943749473
      vertex 0 12.363734711836996 27.017220926874316
    endloop
  endfacet
  facet normal 1 0 0
    outer loop
      vertex 0 9.335804264972017 26.583679495453
      vertex 0 12.136545544463623 27.658783344088903
      vertex 0 9.135454576426008 27.067366430758003
    endloop
  endfacet
  facet normal 1 0 0
    outer loop
      vertex 0 9.135454576426008 27.067366430758003
      vertex 0 12.136545544463623 27.658783344088903
      vertex 0 8.910065241883679 27.539904997395467
    endloop
  endfacet
  facet normal 1 0 0
    outer loop
      vertex 0 9.659258262890683 25.588190451025206
      vertex 0 12.715918809539474 25.70285198063087
      vertex 0 12.557035741757888 26.36464758633277
    endloop
  endfacet
  facet normal 1 0 0
    outer loop
      vertex 0 9.510565162951535 26.090169943749473
      vertex 0 12.557035741757888 26.36464758633277
      vertex 0 12.363734711836996 27.017220926874316
    endloop
  endfacet
  facet normal 1 0 0
    outer loop
      vertex 0 9.335804264972017 26.583679495453
      vertex 0 12.363734711836996 27.017220926874316
      vertex 0 12.136545544463623 27.658783344088903
    endloop
  endfacet
  facet normal 1 0 0
    outer loop
      vertex 0 8.910065241883679 27.539904997395467
      vertex 0 12.136545544463623 27.658783344088903
      vertex 0 11.876090949353811 28.2875763599854
    endloop
  endfacet
  facet normal 1 0 0
    outer loop
      vertex 0 8.910065241883679 27.539904997395467
      vertex 0 11.876090949353811 28.2875763599854
      vertex 0 8.660254037844386 28
    endloop
  endfacet
  facet normal 1 0 0
    outer loop
      vertex 0 8.660254037844386 28
      vertex 0 11.583084814448783 28.901876496614108
      vertex 0 8.386705679454241 28.44639035015027
    endloop
  endfacet
  facet normal 1 0 0
    outer loop
      vertex 0 8.386705679454241 28.44639035015027
      vertex 0 11.583084814448783 28.901876496614108
      vertex 0 8.090169943749475 28.877852522924734
    endloop
  endfacet
  facet normal 1 0 0
    outer loop
      vertex 0 8.660254037844386 28
      vertex 0 11.876090949353811 28.2875763599854
      vertex 0 11.583084814448783 28.901876496614108
    endloop
  endfacet
  facet normal 1 0 0
    outer loop
      vertex 0 8.090169943749475 28.877852522924734
      vertex 0 11.258330249197702 29.5
      vertex 0 7.771459614569709 29.293203910498374
    endloop
  endfacet
  facet normal 1 0 0
    outer loop
      vertex 0 8.090169943749475 28.877852522924734
      vertex 0 11.583084814448783 28.901876496614108
      vertex 0 11.258330249197702 29.5
    endloop
  endfacet
  facet normal 1 0 0
    outer loop
      vertex 0 7.771459614569709 29.293203910498374
      vertex 0 11.258330249197702 29.5
      vertex 0 10.902717383290513 30.080307455195353
    endloop
  endfacet
  facet normal 1 0 0
    outer loop
      vertex 0 7.0710678118654755 30.071067811865476
      vertex 0 10.902717383290513 30.080307455195353
      vertex 0 10.517220926874316 30.64120827980215
    endloop
  endfacet
  facet normal 1 0 0
    outer loop
      vertex 0 6.691306063588582 30.43144825477394
      vertex 0 10.517220926874316 30.64120827980215
      vertex 0 10.10289749894062 31.181165083647887
    endloop
  endfacet
  facet normal -1 0 0
    outer loop
      vertex -50 -3.5836794954530027 12.664195735027983
      vertex -50 3.090169943749474 12.489434837048465
      vertex -50 -3.090169943749474 12.489434837048465
    endloop
  endfacet
  facet normal -1 0 0
    outer loop
      vertex -50 -4.067366430758002 12.864545423573992
      vertex -50 3.5836794954530027 12.664195735027983
      vertex -50 -3.5836794954530027 12.664195735027983
    endloop
  endfacet
  facet normal -1 0 0
    outer loop
      vertex -50 -2.5881904510252074 12.340741737109317
      vertex -50 2.0791169081775935 12.218523992661943
      vertex -50 -2.0791169081775935 12.218523992661943
    endloop
  endfacet
  facet normal -1 0 0
    outer loop
      vertex -50 -2.0791169081775935 12.218523992661943
      vertex -50 1.5643446504023086 12.123116594048621
      vertex -50 -1.5643446504023086 12.123116594048621
    endloop
  endfacet
  facet normal -1 0 0
    outer loop
      vertex -50 -1.0452846326765348 12.054781046317267
      vertex -50 0.5233595624294384 12.013704652454262
      vertex -50 -0.5233595624294384 12.013704652454262
    endloop
  endfacet
  facet normal -1 0 0
    outer loop
      vertex -50 -1.5643446504023086 12.123116594048621
      vertex -50 1.0452846326765348 12.054781046317267
      vertex -50 -1.0452846326765348 12.054781046317267
    endloop
  endfacet
  facet normal -1 0 0
    outer loop
      vertex -50 -3.090169943749474 12.489434837048465
      vertex -50 2.5881904510252074 12.340741737109317
      vertex -50 -2.5881904510252074 12.340741737109317
    endloop
  endfacet
  facet normal -1 0 0
    outer loop
      vertex -50 -6.691306063588582 14.568551745226058
      vertex -50 -7.0710678118654755 14.928932188134524
      vertex -50 -3.2538931446064017 14.691636338859194
    endloop
  endfacet
  facet normal -1 0 0
    outer loop
      vertex -50 -6.691306063588582 14.568551745226058
      vertex -50 -2.472135954999579 14.39154786963877
      vertex -50 -6.293203910498374 14.228540385430291
    endloop
  endfacet
  facet normal -1 0 0
    outer loop
      vertex -50 -7.0710678118654755 14.928932188134524
      vertex -50 -3.631923997916374 14.871947806493058
      vertex -50 -3.2538931446064017 14.691636338859194
    endloop
  endfacet
  facet normal -1 0 0
    outer loop
      vertex -50 -7.0710678118654755 14.928932188134524
      vertex -50 -4 15.071796769724491
      vertex -50 -3.631923997916374 14.871947806493058
    endloop
  endfacet
  facet normal -1 0 0
    outer loop
      vertex -50 -7.771459614569709 15.706796089501626
      vertex -50 -4.702282018339785 15.52786404500042
      vertex -50 -7.431448254773942 15.308693936411418
    endloop
  endfacet
  facet normal -1 0 0
    outer loop
      vertex -50 -7.771459614569709 15.706796089501626
      vertex -50 -8.090169943749475 16.122147477075266
      vertex -50 -5.034563128398699 15.782832308344233
    endloop
  endfacet
  facet normal -1 0 0
    outer loop
      vertex -50 -8.386705679454241 16.55360964984973
      vertex -50 -8.660254037844386 17
      vertex -50 -5.945158603819154 16.646955149129134
    endloop
  endfacet
  facet normal -1 0 0
    outer loop
      vertex -50 -8.090169943749475 16.122147477075266
      vertex -50 -8.386705679454241 16.55360964984973
      vertex -50 -5.656854249492381 16.34314575050762
    endloop
  endfacet
  facet normal -1 0 0
    outer loop
      vertex -50 -8.386705679454241 16.55360964984973
      vertex -50 -5.945158603819154 16.646955149129134
      vertex -50 -5.656854249492381 16.34314575050762
    endloop
  endfacet
  facet normal -1 0 0
    outer loop
      vertex -50 -8.660254037844386 17
      vertex -50 -6.47213595499958 17.297717981660213
      vertex -50 -6.217167691655767 16.9654368716013
    endloop
  endfacet
  facet normal -1 0 0
    outer loop
      vertex -50 -8.660254037844386 17
      vertex -50 -6.217167691655767 16.9654368716013
      vertex -50 -5.945158603819154 16.646955149129134
    endloop
  endfacet
  facet normal -1 0 0
    outer loop
      vertex -50 -7.0710678118654755 14.928932188134524
      vertex -50 -7.431448254773942 15.308693936411418
      vertex -50 -4 15.071796769724491
    endloop
  endfacet
  facet normal -1 0 0
    outer loop
      vertex -50 -7.431448254773942 15.308693936411418
      vertex -50 -4.702282018339785 15.52786404500042
      vertex -50 -4.357112280120217 15.290635456436608
    endloop
  endfacet
  facet normal -1 0 0
    outer loop
      vertex -50 -5.034563128398699 15.782832308344233
      vertex -50 -8.090169943749475 16.122147477075266
      vertex -50 -5.353044850870866 16.054841396180848
    endloop
  endfacet
  facet normal -1 0 0
    outer loop
      vertex -50 -7.771459614569709 15.706796089501626
      vertex -50 -5.034563128398699 15.782832308344233
      vertex -50 -4.702282018339785 15.52786404500042
    endloop
  endfacet
  facet normal -1 0 0
    outer loop
      vertex -50 -7.431448254773942 15.308693936411418
      vertex -50 -4.357112280120217 15.290635456436608
      vertex -50 -4 15.071796769724491
    endloop
  endfacet
  facet normal -1 0 0
    outer loop
      vertex -50 -8.090169943749475 16.122147477075266
      vertex -50 -5.656854249492381 16.34314575050762
      vertex -50 -5.353044850870866 16.054841396180848
    endloop
  endfacet
  facet normal -1 0 0
    outer loop
      vertex -50 -5.877852522924732 13.909830056250525
      vertex -50 -6.293203910498374 14.228540385430291
      vertex -50 -0.8362277061412278 14.043824837053814
    endloop
  endfacet
  facet normal -1 0 0
    outer loop
      vertex -50 -6.293203910498374 14.228540385430291
      vertex -50 -2.472135954999579 14.39154786963877
      vertex -50 -2.070552360820166 14.272593389687454
    endloop
  endfacet
  facet normal -1 0 0
    outer loop
      vertex -50 -6.293203910498374 14.228540385430291
      vertex -50 -2.070552360820166 14.272593389687454
      vertex -50 -1.6632935265420747 14.174819194129554
    endloop
  endfacet
  facet normal -1 0 0
    outer loop
      vertex -50 -6.691306063588582 14.568551745226058
      vertex -50 -3.2538931446064017 14.691636338859194
      vertex -50 -2.866943596362402 14.531356588022387
    endloop
  endfacet
  facet normal -1 0 0
    outer loop
      vertex -50 -6.691306063588582 14.568551745226058
      vertex -50 -2.866943596362402 14.531356588022387
      vertex -50 -2.472135954999579 14.39154786963877
    endloop
  endfacet
  facet normal -1 0 0
    outer loop
      vertex -50 -6.293203910498374 14.228540385430291
      vertex -50 -1.6632935265420747 14.174819194129554
      vertex -50 -1.251475720321847 14.098493275238898
    endloop
  endfacet
  facet normal -1 0 0
    outer loop
      vertex -50 -6.293203910498374 14.228540385430291
      vertex -50 -1.251475720321847 14.098493275238898
      vertex -50 -0.8362277061412278 14.043824837053814
    endloop
  endfacet
  facet normal -1 0 0
    outer loop
      vertex -50 -5.877852522924732 13.909830056250525
      vertex -50 -0.8362277061412278 14.043824837053814
      vertex -50 -0.4186876499435507 14.01096372196341
    endloop
  endfacet
  facet normal -1 0 0
    outer loop
      vertex -50 -5 13.339745962155614
      vertex -50 4.5399049973954675 13.089934758116321
      vertex -50 -4.5399049973954675 13.089934758116321
    endloop
  endfacet
  facet normal -1 0 0
    outer loop
      vertex -50 -4.5399049973954675 13.089934758116321
      vertex -50 4.067366430758002 12.864545423573992
      vertex -50 -4.067366430758002 12.864545423573992
    endloop
  endfacet
  facet normal -1 0 0
    outer loop
      vertex -50 -5 13.339745962155614
      vertex -50 -5.446390350150271 13.613294320545759
      vertex -50 5 13.339745962155614
    endloop
  endfacet
  facet normal -1 0 0
    outer loop
      vertex -50 -5.877852522924732 13.909830056250525
      vertex -50 5.446390350150271 13.613294320545759
      vertex -50 -5.446390350150271 13.613294320545759
    endloop
  endfacet
  facet normal -1 0 0
    outer loop
      vertex -50 -5.877852522924732 13.909830056250525
      vertex -50 -0.4186876499435507 14.01096372196341
      vertex -50 0 14
    endloop
  endfacet
  facet normal 0 -0.38268343236508984 -0.9238795325112867
    outer loop
      vertex -50 -4.067366430758002 12.864545423573992
      vertex -50 -3.5836794954530027 12.664195735027983
      vertex -16 -4.067366430758002 12.864545423573992
    endloop
  endfacet
  facet normal 0 -0.3338068592337695 -0.9426414910921789
    outer loop
      vertex -50 -3.5836794954530027 12.664195735027983
      vertex -50 -3.090169943749474 12.489434837048465
      vertex -16 -3.5836794954530027 12.664195735027983
    endloop
  endfacet
  facet normal 0 -0.23344536385590647 -0.9723699203976763
    outer loop
      vertex -50 -2.5881904510252074 12.340741737109317
      vertex -50 -2.0791169081775935 12.218523992661943
      vertex -16 -2.5881904510252074 12.340741737109317
    endloop
  endfacet
  facet normal 0 -0.28401534470392453 -0.9588197348681925
    outer loop
      vertex -50 -3.090169943749474 12.489434837048465
      vertex -50 -2.5881904510252074 12.340741737109317
      vertex -16 -3.090169943749474 12.489434837048465
    endloop
  endfacet
  facet normal 0 -0.1822355254921489 -0.9832549075639543
    outer loop
      vertex -50 -2.0791169081775935 12.218523992661943
      vertex -50 -1.5643446504023086 12.123116594048621
      vertex -16 -2.0791169081775935 12.218523992661943
    endloop
  endfacet
  facet normal 0 -0.13052619222004908 -0.9914448613738108
    outer loop
      vertex -50 -1.5643446504023086 12.123116594048621
      vertex -50 -1.0452846326765348 12.054781046317267
      vertex -16 -1.5643446504023086 12.123116594048621
    endloop
  endfacet
  facet normal 0 -0.0784590957278438 -0.9969173337331282
    outer loop
      vertex -50 -1.0452846326765348 12.054781046317267
      vertex -50 -0.5233595624294384 12.013704652454262
      vertex -16 -1.0452846326765348 12.054781046317267
    endloop
  endfacet
  facet normal 0 -0.026176948307874346 -0.9996573249755574
    outer loop
      vertex -50 -0.5233595624294384 12.013704652454262
      vertex -50 0 12
      vertex -16 -0.5233595624294384 12.013704652454262
    endloop
  endfacet
  facet normal 0 -0.6883545756937532 -0.7253743710122882
    outer loop
      vertex -50 -6.691306063588582 14.568551745226058
      vertex -16 -7.0710678118654755 14.928932188134524
      vertex -50 -7.0710678118654755 14.928932188134524
    endloop
  endfacet
  facet normal 0 -0.5664062369248333 -0.8241261886220155
    outer loop
      vertex -50 -5.877852522924732 13.909830056250525
      vertex -50 -5.446390350150271 13.613294320545759
      vertex -16 -5.877852522924732 13.909830056250525
    endloop
  endfacet
  facet normal 0 -0.4305110968082947 -0.9025852843498607
    outer loop
      vertex -50 -4.5399049973954675 13.089934758116321
      vertex -50 -4.067366430758002 12.864545423573992
      vertex -16 -4.5399049973954675 13.089934758116321
    endloop
  endfacet
  facet normal 0 -0.4771587602596097 -0.8788171126619647
    outer loop
      vertex -50 -5 13.339745962155614
      vertex -50 -4.5399049973954675 13.089934758116321
      vertex -16 -5 13.339745962155614
    endloop
  endfacet
  facet normal 0 -0.5224985647159461 -0.8526401643540937
    outer loop
      vertex -50 -5 13.339745962155614
      vertex -16 -5.446390350150271 13.613294320545759
      vertex -50 -5.446390350150271 13.613294320545759
    endloop
  endfacet
  facet normal 0 -0.6087614290087219 -0.793353340291234
    outer loop
      vertex -50 -5.877852522924732 13.909830056250525
      vertex -16 -6.293203910498374 14.228540385430291
      vertex -50 -6.293203910498374 14.228540385430291
    endloop
  endfacet
  facet normal 0 -0.6494480483301832 -0.7604059656000313
    outer loop
      vertex -50 -6.691306063588582 14.568551745226058
      vertex -50 -6.293203910498374 14.228540385430291
      vertex -16 -6.691306063588582 14.568551745226058
    endloop
  endfacet
  facet normal 0 -0.7604059656000313 -0.6494480483301832
    outer loop
      vertex -50 -7.771459614569709 15.706796089501626
      vertex -50 -7.431448254773942 15.308693936411418
      vertex -16 -7.771459614569709 15.706796089501626
    endloop
  endfacet
  facet normal 0 -0.7933533402912328 -0.6087614290087235
    outer loop
      vertex -50 -7.771459614569709 15.706796089501626
      vertex -16 -8.090169943749475 16.122147477075266
      vertex -50 -8.090169943749475 16.122147477075266
    endloop
  endfacet
  facet normal 0 -0.7253743710122882 -0.6883545756937532
    outer loop
      vertex -50 -7.0710678118654755 14.928932188134524
      vertex -16 -7.431448254773942 15.308693936411418
      vertex -50 -7.431448254773942 15.308693936411418
    endloop
  endfacet
  facet normal 0 -0.8241261886220164 -0.5664062369248316
    outer loop
      vertex -50 -8.090169943749475 16.122147477075266
      vertex -16 -8.386705679454241 16.55360964984973
      vertex -50 -8.386705679454241 16.55360964984973
    endloop
  endfacet
  facet normal 0 -0.8526401643540937 -0.5224985647159461
    outer loop
      vertex -50 -8.386705679454241 16.55360964984973
      vertex -16 -8.660254037844386 17
      vertex -50 -8.660254037844386 17
    endloop
  endfacet
  facet normal 0 -0.38268343236508984 -0.9238795325112867
    outer loop
      vertex -50 -3.5836794954530027 12.664195735027983
      vertex -16 -3.5836794954530027 12.664195735027983
      vertex -16 -4.067366430758002 12.864545423573992
    endloop
  endfacet
  facet normal 0 -0.23344536385590647 -0.9723699203976763
    outer loop
      vertex -50 -2.0791169081775935 12.218523992661943
      vertex -16 -2.0791169081775935 12.218523992661943
      vertex -16 -2.5881904510252074 12.340741737109317
    endloop
  endfacet
  facet normal 0 -0.3338068592337695 -0.9426414910921789
    outer loop
      vertex -50 -3.090169943749474 12.489434837048465
      vertex -16 -3.090169943749474 12.489434837048465
      vertex -16 -3.5836794954530027 12.664195735027983
    endloop
  endfacet
  facet normal 0 -0.28401534470392453 -0.9588197348681925
    outer loop
      vertex -50 -2.5881904510252074 12.340741737109317
      vertex -16 -2.5881904510252074 12.340741737109317
      vertex -16 -3.090169943749474 12.489434837048465
    endloop
  endfacet
  facet normal 0 -0.1822355254921489 -0.9832549075639543
    outer loop
      vertex -50 -1.5643446504023086 12.123116594048621
      vertex -16 -1.5643446504023086 12.123116594048621
      vertex -16 -2.0791169081775935 12.218523992661943
    endloop
  endfacet
  facet normal 0 -0.13052619222004908 -0.9914448613738108
    outer loop
      vertex -50 -1.0452846326765348 12.054781046317267
      vertex -16 -1.0452846326765348 12.054781046317267
      vertex -16 -1.5643446504023086 12.123116594048621
    endloop
  endfacet
  facet normal 0 -0.0784590957278438 -0.9969173337331282
    outer loop
      vertex -50 -0.5233595624294384 12.013704652454262
      vertex -16 -0.5233595624294384 12.013704652454262
      vertex -16 -1.0452846326765348 12.054781046317267
    endloop
  endfacet
  facet normal 0 -0.026176948307874346 -0.9996573249755574
    outer loop
      vertex -50 0 12
      vertex -16 0 12
      vertex -16 -0.5233595624294384 12.013704652454262
    endloop
  endfacet
  facet normal 0 -0.6883545756937532 -0.7253743710122882
    outer loop
      vertex -50 -6.691306063588582 14.568551745226058
      vertex -16 -6.691306063588582 14.568551745226058
      vertex -16 -7.0710678118654755 14.928932188134524
    endloop
  endfacet
  facet normal 0 -0.5664062369248333 -0.8241261886220155
    outer loop
      vertex -50 -5.446390350150271 13.613294320545759
      vertex -16 -5.446390350150271 13.613294320545759
      vertex -16 -5.877852522924732 13.909830056250525
    endloop
  endfacet
  facet normal 0 -0.4771587602596097 -0.8788171126619647
    outer loop
      vertex -50 -4.5399049973954675 13.089934758116321
      vertex -16 -4.5399049973954675 13.089934758116321
      vertex -16 -5 13.339745962155614
    endloop
  endfacet
  facet normal 0 -0.5224985647159461 -0.8526401643540937
    outer loop
      vertex -50 -5 13.339745962155614
      vertex -16 -5 13.339745962155614
      vertex -16 -5.446390350150271 13.613294320545759
    endloop
  endfacet
  facet normal 0 -0.6087614290087219 -0.793353340291234
    outer loop
      vertex -50 -5.877852522924732 13.909830056250525
      vertex -16 -5.877852522924732 13.909830056250525
      vertex -16 -6.293203910498374 14.228540385430291
    endloop
  endfacet
  facet normal 0 -0.6494480483301832 -0.7604059656000313
    outer loop
      vertex -50 -6.293203910498374 14.228540385430291
      vertex -16 -6.293203910498374 14.228540385430291
      vertex -16 -6.691306063588582 14.568551745226058
    endloop
  endfacet
  facet normal 0 -0.7933533402912328 -0.6087614290087235
    outer loop
      vertex -50 -7.771459614569709 15.706796089501626
      vertex -16 -7.771459614569709 15.706796089501626
      vertex -16 -8.090169943749475 16.122147477075266
    endloop
  endfacet
  facet normal 0 -0.7253743710122882 -0.6883545756937532
    outer loop
      vertex -50 -7.0710678118654755 14.928932188134524
      vertex -16 -7.0710678118654755 14.928932188134524
      vertex -16 -7.431448254773942 15.308693936411418
    endloop
  endfacet
  facet normal 0 -0.7604059656000313 -0.6494480483301832
    outer loop
      vertex -50 -7.431448254773942 15.308693936411418
      vertex -16 -7.431448254773942 15.308693936411418
      vertex -16 -7.771459614569709 15.706796089501626
    endloop
  endfacet
  facet normal 0 -0.8241261886220164 -0.5664062369248316
    outer loop
      vertex -50 -8.090169943749475 16.122147477075266
      vertex -16 -8.090169943749475 16.122147477075266
      vertex -16 -8.386705679454241 16.55360964984973
    endloop
  endfacet
  facet normal 0 -0.8526401643540937 -0.5224985647159461
    outer loop
      vertex -50 -8.386705679454241 16.55360964984973
      vertex -16 -8.386705679454241 16.55360964984973
      vertex -16 -8.660254037844386 17
    endloop
  endfacet
  facet normal 0 -0.4305110968082947 -0.9025852843498607
    outer loop
      vertex -50 -4.067366430758002 12.864545423573992
      vertex -16 -4.067366430758002 12.864545423573992
      vertex -16 -4.5399049973954675 13.089934758116321
    endloop
  endfacet
  facet normal 0 0.5664062369248327 0.8241261886220157
    outer loop
      vertex -50 -4.702282018339785 15.52786404500042
      vertex 50 -4.702282018339785 15.52786404500042
      vertex -50 -4.357112280120217 15.290635456436608
    endloop
  endfacet
  facet normal 0 0.6087614290087213 0.7933533402912346
    outer loop
      vertex -50 -5.034563128398699 15.782832308344233
      vertex 50 -5.034563128398699 15.782832308344233
      vertex -50 -4.702282018339785 15.52786404500042
    endloop
  endfacet
  facet normal 0 0.6494480483301854 0.7604059656000294
    outer loop
      vertex -50 -5.034563128398699 15.782832308344233
      vertex -50 -5.353044850870866 16.054841396180848
      vertex 50 -5.353044850870866 16.054841396180848
    endloop
  endfacet
  facet normal 0 0.6883545756937522 0.7253743710122893
    outer loop
      vertex -50 -5.656854249492381 16.34314575050762
      vertex 50 -5.656854249492381 16.34314575050762
      vertex -50 -5.353044850870866 16.054841396180848
    endloop
  endfacet
  facet normal 0 0.7253743710122873 0.6883545756937545
    outer loop
      vertex -50 -5.656854249492381 16.34314575050762
      vertex -50 -5.945158603819154 16.646955149129134
      vertex 50 -5.945158603819154 16.646955149129134
    endloop
  endfacet
  facet normal 0 0.7604059656000324 0.649448048330182
    outer loop
      vertex -50 -6.217167691655767 16.9654368716013
      vertex 50 -6.217167691655767 16.9654368716013
      vertex -50 -5.945158603819154 16.646955149129134
    endloop
  endfacet
  facet normal 0 0.4305110968082944 0.902585284349861
    outer loop
      vertex -50 -3.631923997916374 14.871947806493058
      vertex 50 -3.631923997916374 14.871947806493058
      vertex -50 -3.2538931446064017 14.691636338859194
    endloop
  endfacet
  facet normal 0 0.2840153447039199 0.9588197348681938
    outer loop
      vertex -50 -2.472135954999579 14.39154786963877
      vertex 50 -2.472135954999579 14.39154786963877
      vertex -50 -2.070552360820166 14.272593389687454
    endloop
  endfacet
  facet normal 0 0.3826834323650901 0.9238795325112865
    outer loop
      vertex -50 -3.2538931446064017 14.691636338859194
      vertex 50 -3.2538931446064017 14.691636338859194
      vertex -50 -2.866943596362402 14.531356588022387
    endloop
  endfacet
  facet normal 0 0.33380685923377396 0.9426414910921772
    outer loop
      vertex -50 -2.472135954999579 14.39154786963877
      vertex -50 -2.866943596362402 14.531356588022387
      vertex 50 -2.866943596362402 14.531356588022387
    endloop
  endfacet
  facet normal 0 0.23344536385590803 0.9723699203976761
    outer loop
      vertex -50 -1.6632935265420747 14.174819194129554
      vertex -50 -2.070552360820166 14.272593389687454
      vertex 50 -2.070552360820166 14.272593389687454
    endloop
  endfacet
  facet normal 0 0.1822355254921473 0.9832549075639545
    outer loop
      vertex -50 -1.6632935265420747 14.174819194129554
      vertex 50 -1.6632935265420747 14.174819194129554
      vertex -50 -1.251475720321847 14.098493275238898
    endloop
  endfacet
  facet normal 0 0.13052619222004988 0.9914448613738107
    outer loop
      vertex -50 -1.251475720321847 14.098493275238898
      vertex 50 -1.251475720321847 14.098493275238898
      vertex -50 -0.8362277061412278 14.043824837053814
    endloop
  endfacet
  facet normal 0 0.07845909572784297 0.9969173337331282
    outer loop
      vertex -50 -0.8362277061412278 14.043824837053814
      vertex 50 -0.8362277061412278 14.043824837053814
      vertex -50 -0.4186876499435507 14.01096372196341
    endloop
  endfacet
  facet normal 0 0.026176948307876046 0.9996573249755573
    outer loop
      vertex -50 -0.4186876499435507 14.01096372196341
      vertex 50 -0.4186876499435507 14.01096372196341
      vertex -50 0 14
    endloop
  endfacet
  facet normal 0 0.5224985647159479 0.8526401643540928
    outer loop
      vertex -50 -4 15.071796769724491
      vertex -50 -4.357112280120217 15.290635456436608
      vertex 50 -4.357112280120217 15.290635456436608
    endloop
  endfacet
  facet normal 0 0.47715876025960774 0.8788171126619658
    outer loop
      vertex -50 -3.631923997916374 14.871947806493058
      vertex -50 -4 15.071796769724491
      vertex 50 -4 15.071796769724491
    endloop
  endfacet
  facet normal -1 0 0
    outer loop
      vertex -50 -9.510565162951535 18.909830056250527
      vertex -50 -9.659258262890683 19.411809548974794
      vertex -50 -7.468643411977614 19.133056403637596
    endloop
  endfacet
  facet normal -1 0 0
    outer loop
      vertex -50 -9.659258262890683 19.411809548974794
      vertex -50 -9.781476007338057 19.920883091822407
      vertex -50 -7.608452130361228 19.52786404500042
    endloop
  endfacet
  facet normal -1 0 0
    outer loop
      vertex -50 -9.781476007338057 19.920883091822407
      vertex -50 -9.876883405951379 20.435655349597692
      vertex -50 -7.8251808058704455 20.336706473457927
    endloop
  endfacet
  facet normal -1 0 0
    outer loop
      vertex -50 -9.876883405951379 20.435655349597692
      vertex -50 -9.945218953682733 20.954715367323466
      vertex -50 -7.901506724761102 20.748524279678154
    endloop
  endfacet
  facet normal -1 0 0
    outer loop
      vertex -50 -9.945218953682733 20.954715367323466
      vertex -50 -9.986295347545738 21.476640437570563
      vertex -50 -7.956175162946186 21.163772293858774
    endloop
  endfacet
  facet normal -1 0 0
    outer loop
      vertex -50 -9.986295347545738 21.476640437570563
      vertex -50 -10 22
      vertex -50 -7.989036278036591 21.58131235005645
    endloop
  endfacet
  facet normal -1 0 0
    outer loop
      vertex -50 -10 22
      vertex -50 -9.986295347545738 22.523359562429437
      vertex -50 -7.989036278036591 22.41868764994355
    endloop
  endfacet
  facet normal -1 0 0
    outer loop
      vertex -50 -9.986295347545738 22.523359562429437
      vertex -50 -9.945218953682733 23.045284632676534
      vertex -50 -7.989036278036591 22.41868764994355
    endloop
  endfacet
  facet normal -1 0 0
    outer loop
      vertex -50 -9.945218953682733 23.045284632676534
      vertex -50 -9.876883405951379 23.564344650402308
      vertex -50 -7.956175162946186 22.836227706141226
    endloop
  endfacet
  facet normal -1 0 0
    outer loop
      vertex -50 -9.876883405951379 23.564344650402308
      vertex -50 -9.781476007338057 24.079116908177593
      vertex -50 -7.901506724761102 23.251475720321846
    endloop
  endfacet
  facet normal -1 0 0
    outer loop
      vertex -50 -9.781476007338057 24.079116908177593
      vertex -50 -9.659258262890683 24.588190451025206
      vertex -50 -7.7274066103125465 24.070552360820166
    endloop
  endfacet
  facet normal -1 0 0
    outer loop
      vertex -50 -9.659258262890683 24.588190451025206
      vertex -50 -9.510565162951535 25.090169943749473
      vertex -50 -7.608452130361228 24.47213595499958
    endloop
  endfacet
  facet normal -1 0 0
    outer loop
      vertex -50 -9.510565162951535 25.090169943749473
      vertex -50 -9.335804264972017 25.583679495453
      vertex -50 -7.468643411977614 24.866943596362404
    endloop
  endfacet
  facet normal -1 0 0
    outer loop
      vertex -50 -8.910065241883679 17.460095002604533
      vertex -50 -6.47213595499958 17.297717981660213
      vertex -50 -8.660254037844386 17
    endloop
  endfacet
  facet normal -1 0 0
    outer loop
      vertex -50 -8.910065241883679 17.460095002604533
      vertex -50 -9.135454576426008 17.932633569241997
      vertex -50 -6.709364543563392 17.642887719879784
    endloop
  endfacet
  facet normal -1 0 0
    outer loop
      vertex -50 -9.135454576426008 17.932633569241997
      vertex -50 -9.335804264972017 18.416320504547
      vertex -50 -6.928203230275509 18
    endloop
  endfacet
  facet normal -1 0 0
    outer loop
      vertex -50 -8.910065241883679 17.460095002604533
      vertex -50 -6.709364543563392 17.642887719879784
      vertex -50 -6.47213595499958 17.297717981660213
    endloop
  endfacet
  facet normal -1 0 0
    outer loop
      vertex -50 -9.135454576426008 17.932633569241997
      vertex -50 -6.928203230275509 18
      vertex -50 -6.709364543563392 17.642887719879784
    endloop
  endfacet
  facet normal -1 0 0
    outer loop
      vertex -50 -9.335804264972017 18.416320504547
      vertex -50 -9.510565162951535 18.909830056250527
      vertex -50 -7.308363661140807 18.7461068553936
    endloop
  endfacet
  facet normal -1 0 0
    outer loop
      vertex -50 -9.335804264972017 18.416320504547
      vertex -50 -7.128052193506943 18.368076002083626
      vertex -50 -6.928203230275509 18
    endloop
  endfacet
  facet normal -1 0 0
    outer loop
      vertex -50 -9.335804264972017 18.416320504547
      vertex -50 -7.308363661140807 18.7461068553936
      vertex -50 -7.128052193506943 18.368076002083626
    endloop
  endfacet
  facet normal -1 0 0
    outer loop
      vertex -50 -9.510565162951535 18.909830056250527
      vertex -50 -7.468643411977614 19.133056403637596
      vertex -50 -7.308363661140807 18.7461068553936
    endloop
  endfacet
  facet normal -1 0 0
    outer loop
      vertex -50 -9.659258262890683 19.411809548974794
      vertex -50 -7.608452130361228 19.52786404500042
      vertex -50 -7.468643411977614 19.133056403637596
    endloop
  endfacet
  facet normal -1 0 0
    outer loop
      vertex -50 -9.781476007338057 19.920883091822407
      vertex -50 -7.7274066103125465 19.929447639179834
      vertex -50 -7.608452130361228 19.52786404500042
    endloop
  endfacet
  facet normal -1 0 0
    outer loop
      vertex -50 -9.781476007338057 19.920883091822407
      vertex -50 -7.8251808058704455 20.336706473457927
      vertex -50 -7.7274066103125465 19.929447639179834
    endloop
  endfacet
  facet normal -1 0 0
    outer loop
      vertex -50 -9.876883405951379 20.435655349597692
      vertex -50 -7.901506724761102 20.748524279678154
      vertex -50 -7.8251808058704455 20.336706473457927
    endloop
  endfacet
  facet normal -1 0 0
    outer loop
      vertex -50 -9.945218953682733 20.954715367323466
      vertex -50 -7.956175162946186 21.163772293858774
      vertex -50 -7.901506724761102 20.748524279678154
    endloop
  endfacet
  facet normal -1 0 0
    outer loop
      vertex -50 -9.986295347545738 21.476640437570563
      vertex -50 -7.989036278036591 21.58131235005645
      vertex -50 -7.956175162946186 21.163772293858774
    endloop
  endfacet
  facet normal -1 0 0
    outer loop
      vertex -50 -10 22
      vertex -50 -8 22
      vertex -50 -7.989036278036591 21.58131235005645
    endloop
  endfacet
  facet normal -1 0 0
    outer loop
      vertex -50 -10 22
      vertex -50 -7.989036278036591 22.41868764994355
      vertex -50 -8 22
    endloop
  endfacet
  facet normal -1 0 0
    outer loop
      vertex -50 -9.945218953682733 23.045284632676534
      vertex -50 -7.956175162946186 22.836227706141226
      vertex -50 -7.989036278036591 22.41868764994355
    endloop
  endfacet
  facet normal -1 0 0
    outer loop
      vertex -50 -9.876883405951379 23.564344650402308
      vertex -50 -7.901506724761102 23.251475720321846
      vertex -50 -7.956175162946186 22.836227706141226
    endloop
  endfacet
  facet normal -1 0 0
    outer loop
      vertex -50 -7.901506724761102 23.251475720321846
      vertex -50 -9.781476007338057 24.079116908177593
      vertex -50 -7.8251808058704455 23.663293526542073
    endloop
  endfacet
  facet normal -1 0 0
    outer loop
      vertex -50 -7.8251808058704455 23.663293526542073
      vertex -50 -9.781476007338057 24.079116908177593
      vertex -50 -7.7274066103125465 24.070552360820166
    endloop
  endfacet
  facet normal -1 0 0
    outer loop
      vertex -50 -9.659258262890683 24.588190451025206
      vertex -50 -7.608452130361228 24.47213595499958
      vertex -50 -7.7274066103125465 24.070552360820166
    endloop
  endfacet
  facet normal -1 0 0
    outer loop
      vertex -50 -9.510565162951535 25.090169943749473
      vertex -50 -7.468643411977614 24.866943596362404
      vertex -50 -7.608452130361228 24.47213595499958
    endloop
  endfacet
  facet normal -1 0 0
    outer loop
      vertex -50 -9.335804264972017 25.583679495453
      vertex -50 -9.135454576426008 26.067366430758003
      vertex -50 -7.308363661140807 25.2538931446064
    endloop
  endfacet
  facet normal -1 0 0
    outer loop
      vertex -50 -9.335804264972017 25.583679495453
      vertex -50 -7.308363661140807 25.2538931446064
      vertex -50 -7.468643411977614 24.866943596362404
    endloop
  endfacet
  facet normal -1 0 0
    outer loop
      vertex -50 -9.135454576426008 26.067366430758003
      vertex -50 -7.128052193506943 25.631923997916374
      vertex -50 -7.308363661140807 25.2538931446064
    endloop
  endfacet
  facet normal 0 -0.8788171126619647 -0.4771587602596097
    outer loop
      vertex -50 -8.910065241883679 17.460095002604533
      vertex -50 -8.660254037844386 17
      vertex -16 -8.910065241883679 17.460095002604533
    endloop
  endfacet
  facet normal 0 -0.9025852843498605 -0.43051109680829536
    outer loop
      vertex -50 -8.910065241883679 17.460095002604533
      vertex -16 -9.135454576426008 17.932633569241997
      vertex -50 -9.135454576426008 17.932633569241997
    endloop
  endfacet
  facet normal 0 -0.9238795325112874 -0.3826834323650884
    outer loop
      vertex -50 -9.135454576426008 17.932633569241997
      vertex -16 -9.335804264972017 18.416320504547
      vertex -50 -9.335804264972017 18.416320504547
    endloop
  endfacet
  facet normal 0 -0.9426414910921789 -0.3338068592337695
    outer loop
      vertex -50 -9.335804264972017 18.416320504547
      vertex -16 -9.510565162951535 18.909830056250527
      vertex -50 -9.510565162951535 18.909830056250527
    endloop
  endfacet
  facet normal 0 -0.9588197348681925 -0.2840153447039243
    outer loop
      vertex -50 -9.510565162951535 18.909830056250527
      vertex -16 -9.659258262890683 19.411809548974794
      vertex -50 -9.659258262890683 19.411809548974794
    endloop
  endfacet
  facet normal 0 -0.9832549075639542 -0.18223552549214903
    outer loop
      vertex -50 -9.781476007338057 19.920883091822407
      vertex -16 -9.876883405951379 20.435655349597692
      vertex -50 -9.876883405951379 20.435655349597692
    endloop
  endfacet
  facet normal 0 -0.9723699203976761 -0.2334453638559068
    outer loop
      vertex -50 -9.659258262890683 19.411809548974794
      vertex -16 -9.781476007338057 19.920883091822407
      vertex -50 -9.781476007338057 19.920883091822407
    endloop
  endfacet
  facet normal 0 -0.9914448613738108 -0.130526192220049
    outer loop
      vertex -50 -9.876883405951379 20.435655349597692
      vertex -16 -9.945218953682733 20.954715367323466
      vertex -50 -9.945218953682733 20.954715367323466
    endloop
  endfacet
  facet normal 0 -0.9969173337331282 -0.07845909572784379
    outer loop
      vertex -50 -9.945218953682733 20.954715367323466
      vertex -16 -9.986295347545738 21.476640437570563
      vertex -50 -9.986295347545738 21.476640437570563
    endloop
  endfacet
  facet normal 0 -0.9996573249755574 -0.0261769483078744
    outer loop
      vertex -50 -9.986295347545738 21.476640437570563
      vertex -16 -10 22
      vertex -50 -10 22
    endloop
  endfacet
  facet normal -1.5982553827972737e-17 -0.9996573249755574 0.0261769483078744
    outer loop
      vertex -50 -10 22
      vertex -16 -9.986907039215406 22.5
      vertex -50 -9.986295347545738 22.523359562429437
    endloop
  endfacet
  facet normal -1 0 0
    outer loop
      vertex -50 -9.135454576426008 26.067366430758003
      vertex -50 -8.910065241883679 26.539904997395467
      vertex -50 -6.928203230275509 26
    endloop
  endfacet
  facet normal -1 0 0
    outer loop
      vertex -50 -9.135454576426008 26.067366430758003
      vertex -50 -6.928203230275509 26
      vertex -50 -7.128052193506943 25.631923997916374
    endloop
  endfacet
  facet normal -1 0 0
    outer loop
      vertex -50 -8.910065241883679 26.539904997395467
      vertex -50 -8.660254037844386 27
      vertex -50 -6.709364543563392 26.357112280120216
    endloop
  endfacet
  facet normal -1 0 0
    outer loop
      vertex -50 -8.910065241883679 26.539904997395467
      vertex -50 -6.709364543563392 26.357112280120216
      vertex -50 -6.928203230275509 26
    endloop
  endfacet
  facet normal -1 0 0
    outer loop
      vertex -50 -6.709364543563392 26.357112280120216
      vertex -50 -8.660254037844386 27
      vertex -50 -6.47213595499958 26.702282018339787
    endloop
  endfacet
  facet normal -1 0 0
    outer loop
      vertex -50 -8.660254037844386 27
      vertex -50 -8.386705679454241 27.44639035015027
      vertex -50 -6.47213595499958 26.702282018339787
    endloop
  endfacet
  facet normal -1 0 0
    outer loop
      vertex -50 -8.386705679454241 27.44639035015027
      vertex -50 -6.217167691655767 27.0345631283987
      vertex -50 -6.47213595499958 26.702282018339787
    endloop
  endfacet
  facet normal -1 0 0
    outer loop
      vertex -50 -8.386705679454241 27.44639035015027
      vertex -50 -5.945158603819154 27.353044850870866
      vertex -50 -6.217167691655767 27.0345631283987
    endloop
  endfacet
  facet normal -1 0 0
    outer loop
      vertex -50 -8.386705679454241 27.44639035015027
      vertex -50 -8.090169943749475 27.877852522924734
      vertex -50 -5.945158603819154 27.353044850870866
    endloop
  endfacet
  facet normal -1 0 0
    outer loop
      vertex -50 -8.090169943749475 27.877852522924734
      vertex -50 -5.656854249492381 27.65685424949238
      vertex -50 -5.945158603819154 27.353044850870866
    endloop
  endfacet
  facet normal -1 0 0
    outer loop
      vertex -50 -8.090169943749475 27.877852522924734
      vertex -50 -7.771459614569709 28.293203910498374
      vertex -50 -5.656854249492381 27.65685424949238
    endloop
  endfacet
  facet normal -1 0 0
    outer loop
      vertex -50 -7.771459614569709 28.293203910498374
      vertex -50 -7.431448254773942 28.691306063588584
      vertex -50 -5.034563128398699 28.217167691655767
    endloop
  endfacet
  facet normal -1 0 0
    outer loop
      vertex -50 -5.656854249492381 27.65685424949238
      vertex -50 -7.771459614569709 28.293203910498374
      vertex -50 -5.353044850870866 27.945158603819152
    endloop
  endfacet
  facet normal -1 0 0
    outer loop
      vertex -50 -5.353044850870866 27.945158603819152
      vertex -50 -7.771459614569709 28.293203910498374
      vertex -50 -5.034563128398699 28.217167691655767
    endloop
  endfacet
  facet normal -1 0 0
    outer loop
      vertex -50 -7.431448254773942 28.691306063588584
      vertex -50 -7.0710678118654755 29.071067811865476
      vertex -50 -4.702282018339785 28.47213595499958
    endloop
  endfacet
  facet normal -1 0 0
    outer loop
      vertex -50 -7.431448254773942 28.691306063588584
      vertex -50 -4.702282018339785 28.47213595499958
      vertex -50 -5.034563128398699 28.217167691655767
    endloop
  endfacet
  facet normal -1 0 0
    outer loop
      vertex -50 -7.0710678118654755 29.071067811865476
      vertex -50 -4.357112280120217 28.709364543563392
      vertex -50 -4.702282018339785 28.47213595499958
    endloop
  endfacet
  facet normal -1 0 0
    outer loop
      vertex -50 -7.0710678118654755 29.071067811865476
      vertex -50 -4 28.928203230275507
      vertex -50 -4.357112280120217 28.709364543563392
    endloop
  endfacet
  facet normal -1 0 0
    outer loop
      vertex -50 -7.0710678118654755 29.071067811865476
      vertex -50 -6.691306063588582 29.43144825477394
      vertex -50 -4 28.928203230275507
    endloop
  endfacet
  facet normal -1 0 0
    outer loop
      vertex -50 -6.691306063588582 29.43144825477394
      vertex -50 -3.631923997916374 29.128052193506942
      vertex -50 -4 28.928203230275507
    endloop
  endfacet
  facet normal -1 0 0
    outer loop
      vertex -50 -6.691306063588582 29.43144825477394
      vertex -50 -3.2538931446064017 29.308363661140806
      vertex -50 -3.631923997916374 29.128052193506942
    endloop
  endfacet
  facet normal -1 0 0
    outer loop
      vertex -50 -6.691306063588582 29.43144825477394
      vertex -50 -6.293203910498374 29.771459614569707
      vertex -50 -3.2538931446064017 29.308363661140806
    endloop
  endfacet
  facet normal -1 0 0
    outer loop
      vertex -50 -6.293203910498374 29.771459614569707
      vertex -50 -5.877852522924732 30.090169943749473
      vertex -50 -2.070552360820166 29.727406610312546
    endloop
  endfacet
  facet normal -1 0 0
    outer loop
      vertex -50 -6.293203910498374 29.771459614569707
      vertex -50 -2.866943596362402 29.468643411977613
      vertex -50 -3.2538931446064017 29.308363661140806
    endloop
  endfacet
  facet normal -1 0 0
    outer loop
      vertex -50 -6.293203910498374 29.771459614569707
      vertex -50 -2.472135954999579 29.60845213036123
      vertex -50 -2.866943596362402 29.468643411977613
    endloop
  endfacet
  facet normal -1 0 0
    outer loop
      vertex -50 -6.293203910498374 29.771459614569707
      vertex -50 -2.070552360820166 29.727406610312546
      vertex -50 -2.472135954999579 29.60845213036123
    endloop
  endfacet
  facet normal -1 0 0
    outer loop
      vertex -50 -5.877852522924732 30.090169943749473
      vertex -50 -1.6632935265420747 29.825180805870446
      vertex -50 -2.070552360820166 29.727406610312546
    endloop
  endfacet
  facet normal -1 0 0
    outer loop
      vertex -50 -5.877852522924732 30.090169943749473
      vertex -50 -1.251475720321847 29.901506724761102
      vertex -50 -1.6632935265420747 29.825180805870446
    endloop
  endfacet
  facet normal -1 0 0
    outer loop
      vertex -50 -5.877852522924732 30.090169943749473
      vertex -50 -0.8362277061412278 29.956175162946188
      vertex -50 -1.251475720321847 29.901506724761102
    endloop
  endfacet
  facet normal -1 0 0
    outer loop
      vertex -50 -5.877852522924732 30.090169943749473
      vertex -50 -0.4186876499435507 29.98903627803659
      vertex -50 -0.8362277061412278 29.956175162946188
    endloop
  endfacet
  facet normal -1 0 0
    outer loop
      vertex -50 -5.877852522924732 30.090169943749473
      vertex -50 0 30
      vertex -50 -0.4186876499435507 29.98903627803659
    endloop
  endfacet
  facet normal -1 0 0
    outer loop
      vertex -50 -5.877852522924732 30.090169943749473
      vertex -50 -5.446390350150271 30.38670567945424
      vertex -50 5.877852522924732 30.090169943749473
    endloop
  endfacet
  facet normal -1 0 0
    outer loop
      vertex -50 -5.446390350150271 30.38670567945424
      vertex -50 -5 30.660254037844386
      vertex -50 5.446390350150271 30.38670567945424
    endloop
  endfacet
  facet normal -1 0 0
    outer loop
      vertex -50 -5 30.660254037844386
      vertex -50 -4.5399049973954675 30.91006524188368
      vertex -50 5 30.660254037844386
    endloop
  endfacet
  facet normal -1 0 0
    outer loop
      vertex -50 -4.5399049973954675 30.91006524188368
      vertex -50 -4.067366430758002 31.135454576426007
      vertex -50 4.5399049973954675 30.91006524188368
    endloop
  endfacet
  facet normal -1 0 0
    outer loop
      vertex -50 -4.067366430758002 31.135454576426007
      vertex -50 -3.5836794954530027 31.33580426497202
      vertex -50 4.067366430758002 31.135454576426007
    endloop
  endfacet
  facet normal -1 0 0
    outer loop
      vertex -50 -3.5836794954530027 31.33580426497202
      vertex -50 -3.090169943749474 31.510565162951536
      vertex -50 3.5836794954530027 31.33580426497202
    endloop
  endfacet
  facet normal -1 0 0
    outer loop
      vertex -50 -3.090169943749474 31.510565162951536
      vertex -50 -2.5881904510252074 31.65925826289068
      vertex -50 3.090169943749474 31.510565162951536
    endloop
  endfacet
  facet normal -1 0 0
    outer loop
      vertex -50 -2.5881904510252074 31.65925826289068
      vertex -50 -2.0791169081775935 31.781476007338057
      vertex -50 2.5881904510252074 31.65925826289068
    endloop
  endfacet
  facet normal -1 0 0
    outer loop
      vertex -50 -2.0791169081775935 31.781476007338057
      vertex -50 -1.5643446504023086 31.87688340595138
      vertex -50 2.0791169081775935 31.781476007338057
    endloop
  endfacet
  facet normal -1 0 0
    outer loop
      vertex -50 -1.5643446504023086 31.87688340595138
      vertex -50 -1.0452846326765348 31.945218953682733
      vertex -50 1.5643446504023086 31.87688340595138
    endloop
  endfacet
  facet normal -1 0 0
    outer loop
      vertex -50 -1.0452846326765348 31.945218953682733
      vertex -50 -0.5233595624294384 31.986295347545738
      vertex -50 1.0452846326765348 31.945218953682733
    endloop
  endfacet
  facet normal 0 -0.9025852843498605 -0.43051109680829536
    outer loop
      vertex -50 -8.910065241883679 17.460095002604533
      vertex -16 -8.910065241883679 17.460095002604533
      vertex -16 -9.135454576426008 17.932633569241997
    endloop
  endfacet
  facet normal 0 -0.9238795325112874 -0.3826834323650884
    outer loop
      vertex -50 -9.135454576426008 17.932633569241997
      vertex -16 -9.135454576426008 17.932633569241997
      vertex -16 -9.335804264972017 18.416320504547
    endloop
  endfacet
  facet normal 0 -0.9426414910921789 -0.3338068592337695
    outer loop
      vertex -50 -9.335804264972017 18.416320504547
      vertex -16 -9.335804264972017 18.416320504547
      vertex -16 -9.510565162951535 18.909830056250527
    endloop
  endfacet
  facet normal 0 -0.9588197348681925 -0.2840153447039243
    outer loop
      vertex -50 -9.510565162951535 18.909830056250527
      vertex -16 -9.510565162951535 18.909830056250527
      vertex -16 -9.659258262890683 19.411809548974794
    endloop
  endfacet
  facet normal 0 -0.9723699203976761 -0.2334453638559068
    outer loop
      vertex -50 -9.659258262890683 19.411809548974794
      vertex -16 -9.659258262890683 19.411809548974794
      vertex -16 -9.781476007338057 19.920883091822407
    endloop
  endfacet
  facet normal 0 -0.9832549075639542 -0.18223552549214903
    outer loop
      vertex -50 -9.781476007338057 19.920883091822407
      vertex -16 -9.781476007338057 19.920883091822407
      vertex -16 -9.876883405951379 20.435655349597692
    endloop
  endfacet
  facet normal 0 -0.9914448613738108 -0.130526192220049
    outer loop
      vertex -50 -9.876883405951379 20.435655349597692
      vertex -16 -9.876883405951379 20.435655349597692
      vertex -16 -9.945218953682733 20.954715367323466
    endloop
  endfacet
  facet normal 0 -0.9969173337331282 -0.07845909572784379
    outer loop
      vertex -50 -9.945218953682733 20.954715367323466
      vertex -16 -9.945218953682733 20.954715367323466
      vertex -16 -9.986295347545738 21.476640437570563
    endloop
  endfacet
  facet normal 0 -0.9996573249755574 -0.0261769483078744
    outer loop
      vertex -50 -9.986295347545738 21.476640437570563
      vertex -16 -9.986295347545738 21.476640437570563
      vertex -16 -10 22
    endloop
  endfacet
  facet normal 0 -0.9996573249755573 0.02617694830787331
    outer loop
      vertex -50 -10 22
      vertex -16 -10 22
      vertex -16 -9.986907039215406 22.5
    endloop
  endfacet
  facet normal 0 -0.996917333733128 0.07845909572784378
    outer loop
      vertex -50 -9.986295347545738 22.523359562429437
      vertex 50 -9.986295347545738 22.523359562429437
      vertex -50 -9.945218953682733 23.045284632676534
    endloop
  endfacet
  facet normal 0 -0.9914448613738107 0.13052619222004896
    outer loop
      vertex -50 -9.945218953682733 23.045284632676534
      vertex 50 -9.945218953682733 23.045284632676534
      vertex -50 -9.876883405951379 23.564344650402308
    endloop
  endfacet
  facet normal 0 -0.9832549075639543 0.18223552549214905
    outer loop
      vertex -50 -9.876883405951379 23.564344650402308
      vertex 50 -9.876883405951379 23.564344650402308
      vertex -50 -9.781476007338057 24.079116908177593
    endloop
  endfacet
  facet normal 0 -0.9723699203976762 0.2334453638559068
    outer loop
      vertex -50 -9.781476007338057 24.079116908177593
      vertex 50 -9.781476007338057 24.079116908177593
      vertex -50 -9.659258262890683 24.588190451025206
    endloop
  endfacet
  facet normal 0 -0.9588197348681925 0.2840153447039243
    outer loop
      vertex -50 -9.659258262890683 24.588190451025206
      vertex 50 -9.659258262890683 24.588190451025206
      vertex -50 -9.510565162951535 25.090169943749473
    endloop
  endfacet
  facet normal 0 -0.942641491092179 0.3338068592337695
    outer loop
      vertex -50 -9.510565162951535 25.090169943749473
      vertex 50 -9.510565162951535 25.090169943749473
      vertex -50 -9.335804264972017 25.583679495453
    endloop
  endfacet
  facet normal 0 -0.8788171126619647 -0.4771587602596097
    outer loop
      vertex -50 -8.660254037844386 17
      vertex -16 -8.660254037844386 17
      vertex -16 -8.910065241883679 17.460095002604533
    endloop
  endfacet
  facet normal 0 0.8241261886220178 0.5664062369248297
    outer loop
      vertex -50 -6.709364543563392 17.642887719879784
      vertex 50 -6.709364543563392 17.642887719879784
      vertex -50 -6.47213595499958 17.297717981660213
    endloop
  endfacet
  facet normal 0 0.8526401643540922 0.5224985647159488
    outer loop
      vertex -50 -6.709364543563392 17.642887719879784
      vertex -50 -6.928203230275509 18
      vertex 50 -6.928203230275509 18
    endloop
  endfacet
  facet normal 0 0.9025852843498612 0.4305110968082941
    outer loop
      vertex -50 -7.128052193506943 18.368076002083626
      vertex -50 -7.308363661140807 18.7461068553936
      vertex 50 -7.308363661140807 18.7461068553936
    endloop
  endfacet
  facet normal 0 0.8788171126619649 0.47715876025960935
    outer loop
      vertex -50 -7.128052193506943 18.368076002083626
      vertex 50 -7.128052193506943 18.368076002083626
      vertex -50 -6.928203230275509 18
    endloop
  endfacet
  facet normal 0 0.9238795325112859 0.382683432365092
    outer loop
      vertex -50 -7.308363661140807 18.7461068553936
      vertex -50 -7.468643411977614 19.133056403637596
      vertex 50 -7.468643411977614 19.133056403637596
    endloop
  endfacet
  facet normal 0 0.7933533402912322 0.6087614290087244
    outer loop
      vertex -50 -6.217167691655767 16.9654368716013
      vertex -50 -6.47213595499958 17.297717981660213
      vertex 50 -6.47213595499958 17.297717981660213
    endloop
  endfacet
  facet normal 0 0.9588197348681927 0.28401534470392353
    outer loop
      vertex -50 -7.7274066103125465 19.929447639179834
      vertex 50 -7.7274066103125465 19.929447639179834
      vertex -50 -7.608452130361228 19.52786404500042
    endloop
  endfacet
  facet normal 0 0.9723699203976767 0.23344536385590528
    outer loop
      vertex -50 -7.7274066103125465 19.929447639179834
      vertex -50 -7.8251808058704455 20.336706473457927
      vertex 50 -7.8251808058704455 20.336706473457927
    endloop
  endfacet
  facet normal 0 0.942641491092179 0.3338068592337692
    outer loop
      vertex -50 -7.468643411977614 19.133056403637596
      vertex -50 -7.608452130361228 19.52786404500042
      vertex 50 -7.608452130361228 19.52786404500042
    endloop
  endfacet
  facet normal 0 0.9832549075639545 0.1822355254921474
    outer loop
      vertex -50 -7.8251808058704455 20.336706473457927
      vertex -50 -7.901506724761102 20.748524279678154
      vertex 50 -7.901506724761102 20.748524279678154
    endloop
  endfacet
  facet normal 0 0.9914448613738107 0.13052619222004982
    outer loop
      vertex -50 -7.901506724761102 20.748524279678154
      vertex -50 -7.956175162946186 21.163772293858774
      vertex 50 -7.956175162946186 21.163772293858774
    endloop
  endfacet
  facet normal 0 0.996917333733128 0.07845909572784518
    outer loop
      vertex -50 -7.956175162946186 21.163772293858774
      vertex -50 -7.989036278036591 21.58131235005645
      vertex 50 -7.989036278036591 21.58131235005645
    endloop
  endfacet
  facet normal 0 0.9996573249755573 0.02617694830787397
    outer loop
      vertex -50 -7.989036278036591 21.58131235005645
      vertex -50 -8 22
      vertex 50 -8 22
    endloop
  endfacet
  facet normal 0 0.9996573249755573 -0.02617694830787397
    outer loop
      vertex -50 -8 22
      vertex -50 -7.989036278036591 22.41868764994355
      vertex 50 -7.989036278036591 22.41868764994355
    endloop
  endfacet
  facet normal 0 0.996917333733128 -0.07845909572784518
    outer loop
      vertex -50 -7.989036278036591 22.41868764994355
      vertex -50 -7.956175162946186 22.836227706141226
      vertex 50 -7.956175162946186 22.836227706141226
    endloop
  endfacet
  facet normal 0 0.9914448613738107 -0.13052619222004982
    outer loop
      vertex -50 -7.956175162946186 22.836227706141226
      vertex -50 -7.901506724761102 23.251475720321846
      vertex 50 -7.901506724761102 23.251475720321846
    endloop
  endfacet
  facet normal 0 0.9832549075639545 -0.1822355254921474
    outer loop
      vertex -50 -7.901506724761102 23.251475720321846
      vertex -50 -7.8251808058704455 23.663293526542073
      vertex 50 -7.8251808058704455 23.663293526542073
    endloop
  endfacet
  facet normal 0 0.9723699203976767 -0.23344536385590528
    outer loop
      vertex -50 -7.8251808058704455 23.663293526542073
      vertex -50 -7.7274066103125465 24.070552360820166
      vertex 50 -7.7274066103125465 24.070552360820166
    endloop
  endfacet
  facet normal 0 0.9588197348681927 -0.28401534470392353
    outer loop
      vertex -50 -7.7274066103125465 24.070552360820166
      vertex -50 -7.608452130361228 24.47213595499958
      vertex 50 -7.608452130361228 24.47213595499958
    endloop
  endfacet
  facet normal 0 0.942641491092179 -0.3338068592337692
    outer loop
      vertex -50 -7.608452130361228 24.47213595499958
      vertex -50 -7.468643411977614 24.866943596362404
      vertex 50 -7.468643411977614 24.866943596362404
    endloop
  endfacet
  facet normal 0 0.9238795325112859 -0.382683432365092
    outer loop
      vertex -50 -7.468643411977614 24.866943596362404
      vertex -50 -7.308363661140807 25.2538931446064
      vertex 50 -7.308363661140807 25.2538931446064
    endloop
  endfacet
  facet normal 0 0.9025852843498612 -0.4305110968082941
    outer loop
      vertex -50 -7.308363661140807 25.2538931446064
      vertex -50 -7.128052193506943 25.631923997916374
      vertex 50 -7.128052193506943 25.631923997916374
    endloop
  endfacet
  facet normal 0 -0.9996573249755566 0.02617694830789767
    outer loop
      vertex -50 -9.986295347545738 22.523359562429437
      vertex -16 -9.986907039215406 22.5
      vertex 50 -9.986295347545738 22.523359562429437
    endloop
  endfacet
  facet normal 0 -0.9238795325112873 0.3826834323650884
    outer loop
      vertex -50 -9.335804264972017 25.583679495453
      vertex 50 -9.335804264972017 25.583679495453
      vertex -50 -9.135454576426008 26.067366430758003
    endloop
  endfacet
  facet normal 0 -0.9025852843498605 0.43051109680829536
    outer loop
      vertex -50 -9.135454576426008 26.067366430758003
      vertex 50 -9.135454576426008 26.067366430758003
      vertex -50 -8.910065241883679 26.539904997395467
    endloop
  endfacet
  facet normal 0 -0.8788171126619647 0.4771587602596097
    outer loop
      vertex -50 -8.910065241883679 26.539904997395467
      vertex 50 -8.910065241883679 26.539904997395467
      vertex -50 -8.660254037844386 27
    endloop
  endfacet
  facet normal 0 0.8788171126619649 -0.47715876025960935
    outer loop
      vertex -50 -7.128052193506943 25.631923997916374
      vertex -50 -6.928203230275509 26
      vertex 50 -6.928203230275509 26
    endloop
  endfacet
  facet normal 0 0.8526401643540922 -0.5224985647159488
    outer loop
      vertex -50 -6.928203230275509 26
      vertex -50 -6.709364543563392 26.357112280120216
      vertex 50 -6.709364543563392 26.357112280120216
    endloop
  endfacet
  facet normal 0 -0.8526401643540938 0.5224985647159462
    outer loop
      vertex -50 -8.660254037844386 27
      vertex 50 -8.660254037844386 27
      vertex -50 -8.386705679454241 27.44639035015027
    endloop
  endfacet
  facet normal 0 -0.8241261886220165 0.5664062369248317
    outer loop
      vertex -50 -8.386705679454241 27.44639035015027
      vertex 50 -8.386705679454241 27.44639035015027
      vertex -50 -8.090169943749475 27.877852522924734
    endloop
  endfacet
  facet normal 0 0.8241261886220178 -0.5664062369248297
    outer loop
      vertex -50 -6.709364543563392 26.357112280120216
      vertex -50 -6.47213595499958 26.702282018339787
      vertex 50 -6.47213595499958 26.702282018339787
    endloop
  endfacet
  facet normal 0 0.7933533402912322 -0.6087614290087244
    outer loop
      vertex -50 -6.47213595499958 26.702282018339787
      vertex -50 -6.217167691655767 27.0345631283987
      vertex 50 -6.217167691655767 27.0345631283987
    endloop
  endfacet
  facet normal 0 0.7604059656000324 -0.649448048330182
    outer loop
      vertex -50 -6.217167691655767 27.0345631283987
      vertex -50 -5.945158603819154 27.353044850870866
      vertex 50 -5.945158603819154 27.353044850870866
    endloop
  endfacet
  facet normal 0 0.7253743710122873 -0.6883545756937545
    outer loop
      vertex -50 -5.945158603819154 27.353044850870866
      vertex -50 -5.656854249492381 27.65685424949238
      vertex 50 -5.656854249492381 27.65685424949238
    endloop
  endfacet
  facet normal 0 -0.793353340291233 0.6087614290087237
    outer loop
      vertex -50 -8.090169943749475 27.877852522924734
      vertex 50 -8.090169943749475 27.877852522924734
      vertex -50 -7.771459614569709 28.293203910498374
    endloop
  endfacet
  facet normal 0 -0.7604059656000327 0.6494480483301817
    outer loop
      vertex -50 -7.771459614569709 28.293203910498374
      vertex 50 -7.771459614569709 28.293203910498374
      vertex -50 -7.431448254773942 28.691306063588584
    endloop
  endfacet
  facet normal 0 -0.7253743710122867 0.6883545756937551
    outer loop
      vertex -50 -7.431448254773942 28.691306063588584
      vertex 50 -7.431448254773942 28.691306063588584
      vertex -50 -7.0710678118654755 29.071067811865476
    endloop
  endfacet
  facet normal 0 -0.6883545756937516 0.72537437101229
    outer loop
      vertex -50 -7.0710678118654755 29.071067811865476
      vertex 50 -6.691306063588582 29.43144825477394
      vertex -50 -6.691306063588582 29.43144825477394
    endloop
  endfacet
  facet normal 0 0.6883545756937522 -0.7253743710122893
    outer loop
      vertex -50 -5.656854249492381 27.65685424949238
      vertex -50 -5.353044850870866 27.945158603819152
      vertex 50 -5.353044850870866 27.945158603819152
    endloop
  endfacet
  facet normal 0 0.6494480483301854 -0.7604059656000294
    outer loop
      vertex -50 -5.353044850870866 27.945158603819152
      vertex -50 -5.034563128398699 28.217167691655767
      vertex 50 -5.034563128398699 28.217167691655767
    endloop
  endfacet
  facet normal 0 0.6087614290087213 -0.7933533402912346
    outer loop
      vertex -50 -5.034563128398699 28.217167691655767
      vertex -50 -4.702282018339785 28.47213595499958
      vertex 50 -4.702282018339785 28.47213595499958
    endloop
  endfacet
  facet normal 0 0.5664062369248327 -0.8241261886220157
    outer loop
      vertex -50 -4.702282018339785 28.47213595499958
      vertex -50 -4.357112280120217 28.709364543563392
      vertex 50 -4.357112280120217 28.709364543563392
    endloop
  endfacet
  facet normal 0 -0.6494480483301833 0.7604059656000313
    outer loop
      vertex -50 -6.691306063588582 29.43144825477394
      vertex 50 -6.293203910498374 29.771459614569707
      vertex -50 -6.293203910498374 29.771459614569707
    endloop
  endfacet
  facet normal 0 0.5224985647159448 -0.8526401643540947
    outer loop
      vertex -50 -4.357112280120217 28.709364543563392
      vertex -50 -4 28.928203230275507
      vertex 50 -4 28.928203230275507
    endloop
  endfacet
  facet normal 0 0.477158760259611 -0.878817112661964
    outer loop
      vertex -50 -4 28.928203230275507
      vertex -50 -3.631923997916374 29.128052193506942
      vertex 50 -3.631923997916374 29.128052193506942
    endloop
  endfacet
  facet normal 0 0.4305110968082944 -0.902585284349861
    outer loop
      vertex -50 -3.631923997916374 29.128052193506942
      vertex -50 -3.2538931446064017 29.308363661140806
      vertex 50 -3.2538931446064017 29.308363661140806
    endloop
  endfacet
  facet normal 0 0.3826834323650901 -0.9238795325112865
    outer loop
      vertex -50 -3.2538931446064017 29.308363661140806
      vertex -50 -2.866943596362402 29.468643411977613
      vertex 50 -2.866943596362402 29.468643411977613
    endloop
  endfacet
  facet normal 0 0.33380685923377396 -0.9426414910921772
    outer loop
      vertex -50 -2.866943596362402 29.468643411977613
      vertex -50 -2.472135954999579 29.60845213036123
      vertex 50 -2.472135954999579 29.60845213036123
    endloop
  endfacet
  facet normal 0 0.2840153447039199 -0.9588197348681938
    outer loop
      vertex -50 -2.472135954999579 29.60845213036123
      vertex -50 -2.070552360820166 29.727406610312546
      vertex 50 -2.070552360820166 29.727406610312546
    endloop
  endfacet
  facet normal 0 0.23344536385590803 -0.9723699203976761
    outer loop
      vertex -50 -2.070552360820166 29.727406610312546
      vertex -50 -1.6632935265420747 29.825180805870446
      vertex 50 -1.6632935265420747 29.825180805870446
    endloop
  endfacet
  facet normal 0 0.1822355254921473 -0.9832549075639545
    outer loop
      vertex -50 -1.6632935265420747 29.825180805870446
      vertex -50 -1.251475720321847 29.901506724761102
      vertex 50 -1.251475720321847 29.901506724761102
    endloop
  endfacet
  facet normal 0 0.13052619222005404 -0.9914448613738102
    outer loop
      vertex -50 -1.251475720321847 29.901506724761102
      vertex -50 -0.8362277061412278 29.956175162946188
      vertex 50 -0.8362277061412278 29.956175162946188
    endloop
  endfacet
  facet normal 0 -0.608761429008722 0.7933533402912342
    outer loop
      vertex -50 -6.293203910498374 29.771459614569707
      vertex 50 -5.877852522924732 30.090169943749473
      vertex -50 -5.877852522924732 30.090169943749473
    endloop
  endfacet
  facet normal 0 -0.5664062369248355 0.8241261886220138
    outer loop
      vertex -50 -5.877852522924732 30.090169943749473
      vertex 50 -5.446390350150271 30.38670567945424
      vertex -50 -5.446390350150271 30.38670567945424
    endloop
  endfacet
  facet normal 0 -0.5224985647159462 0.8526401643540938
    outer loop
      vertex -50 -5.446390350150271 30.38670567945424
      vertex 50 -5 30.660254037844386
      vertex -50 -5 30.660254037844386
    endloop
  endfacet
  facet normal 0 -0.4771587602596097 0.8788171126619647
    outer loop
      vertex -50 -5 30.660254037844386
      vertex 50 -4.5399049973954675 30.91006524188368
      vertex -50 -4.5399049973954675 30.91006524188368
    endloop
  endfacet
  facet normal 0 -0.430511096808292 0.9025852843498622
    outer loop
      vertex -50 -4.5399049973954675 30.91006524188368
      vertex 50 -4.067366430758002 31.135454576426007
      vertex -50 -4.067366430758002 31.135454576426007
    endloop
  endfacet
  facet normal 0 -0.38268343236509567 0.9238795325112844
    outer loop
      vertex -50 -4.067366430758002 31.135454576426007
      vertex 50 -3.5836794954530027 31.33580426497202
      vertex -50 -3.5836794954530027 31.33580426497202
    endloop
  endfacet
  facet normal 0 -0.3338068592337695 0.942641491092179
    outer loop
      vertex -50 -3.5836794954530027 31.33580426497202
      vertex 50 -3.090169943749474 31.510565162951536
      vertex -50 -3.090169943749474 31.510565162951536
    endloop
  endfacet
  facet normal 0 -0.28401534470391826 0.9588197348681943
    outer loop
      vertex -50 -3.090169943749474 31.510565162951536
      vertex 50 -2.5881904510252074 31.65925826289068
      vertex -50 -2.5881904510252074 31.65925826289068
    endloop
  endfacet
  facet normal 0 -0.23344536385590967 0.9723699203976756
    outer loop
      vertex -50 -2.5881904510252074 31.65925826289068
      vertex 50 -2.0791169081775935 31.781476007338057
      vertex -50 -2.0791169081775935 31.781476007338057
    endloop
  endfacet
  facet normal 0 0.07845909572783875 -0.9969173337331285
    outer loop
      vertex -50 -0.8362277061412278 29.956175162946188
      vertex -50 -0.4186876499435507 29.98903627803659
      vertex 50 -0.4186876499435507 29.98903627803659
    endloop
  endfacet
  facet normal 0 0.026176948307876046 -0.9996573249755573
    outer loop
      vertex -50 -0.4186876499435507 29.98903627803659
      vertex -50 0 30
      vertex 50 0 30
    endloop
  endfacet
  facet normal 0 -0.1822355254921489 0.9832549075639543
    outer loop
      vertex -50 -2.0791169081775935 31.781476007338057
      vertex 50 -1.5643446504023086 31.87688340595138
      vertex -50 -1.5643446504023086 31.87688340595138
    endloop
  endfacet
  facet normal 0 -0.13052619222004908 0.9914448613738107
    outer loop
      vertex -50 -1.5643446504023086 31.87688340595138
      vertex 50 -1.0452846326765348 31.945218953682733
      vertex -50 -1.0452846326765348 31.945218953682733
    endloop
  endfacet
  facet normal 0 -0.07845909572784379 0.996917333733128
    outer loop
      vertex -50 -1.0452846326765348 31.945218953682733
      vertex 50 -0.5233595624294384 31.986295347545738
      vertex -50 -0.5233595624294384 31.986295347545738
    endloop
  endfacet
  facet normal 0 -0.026176948307874346 0.9996573249755571
    outer loop
      vertex -50 -0.5233595624294384 31.986295347545738
      vertex 50 0 32
      vertex -50 0 32
    endloop
  endfacet
  facet normal -1 0 0
    outer loop
      vertex -50 -0.5233595624294384 12.013704652454262
      vertex -50 0.5233595624294384 12.013704652454262
      vertex -50 0 12
    endloop
  endfacet
  facet normal -1 0 0
    outer loop
      vertex -50 -1.0452846326765348 12.054781046317267
      vertex -50 1.0452846326765348 12.054781046317267
      vertex -50 0.5233595624294384 12.013704652454262
    endloop
  endfacet
  facet normal -1 0 0
    outer loop
      vertex -50 -1.5643446504023086 12.123116594048621
      vertex -50 1.5643446504023086 12.123116594048621
      vertex -50 1.0452846326765348 12.054781046317267
    endloop
  endfacet
  facet normal -1 0 0
    outer loop
      vertex -50 -2.0791169081775935 12.218523992661943
      vertex -50 2.0791169081775935 12.218523992661943
      vertex -50 1.5643446504023086 12.123116594048621
    endloop
  endfacet
  facet normal -1 0 0
    outer loop
      vertex -50 -2.5881904510252074 12.340741737109317
      vertex -50 2.5881904510252074 12.340741737109317
      vertex -50 2.0791169081775935 12.218523992661943
    endloop
  endfacet
  facet normal -1 0 0
    outer loop
      vertex -50 -3.090169943749474 12.489434837048465
      vertex -50 3.090169943749474 12.489434837048465
      vertex -50 2.5881904510252074 12.340741737109317
    endloop
  endfacet
  facet normal -1 0 0
    outer loop
      vertex -50 -3.5836794954530027 12.664195735027983
      vertex -50 3.5836794954530027 12.664195735027983
      vertex -50 3.090169943749474 12.489434837048465
    endloop
  endfacet
  facet normal -1 0 0
    outer loop
      vertex -50 -4.067366430758002 12.864545423573992
      vertex -50 4.067366430758002 12.864545423573992
      vertex -50 3.5836794954530027 12.664195735027983
    endloop
  endfacet
  facet normal -1 0 0
    outer loop
      vertex -50 -4.5399049973954675 13.089934758116321
      vertex -50 4.5399049973954675 13.089934758116321
      vertex -50 4.067366430758002 12.864545423573992
    endloop
  endfacet
  facet normal -1 0 0
    outer loop
      vertex -50 -5 13.339745962155614
      vertex -50 5 13.339745962155614
      vertex -50 4.5399049973954675 13.089934758116321
    endloop
  endfacet
  facet normal -1 0 0
    outer loop
      vertex -50 -5.446390350150271 13.613294320545759
      vertex -50 5.446390350150271 13.613294320545759
      vertex -50 5 13.339745962155614
    endloop
  endfacet
  facet normal -1 0 0
    outer loop
      vertex -50 -5.877852522924732 13.909830056250525
      vertex -50 5.877852522924732 13.909830056250525
      vertex -50 5.446390350150271 13.613294320545759
    endloop
  endfacet
  facet normal -1 0 0
    outer loop
      vertex -50 -5.877852522924732 13.909830056250525
      vertex -50 0 14
      vertex -50 5.877852522924732 13.909830056250525
    endloop
  endfacet
  facet normal -1 0 0
    outer loop
      vertex -50 0 14
      vertex -50 0.4186876499435507 14.01096372196341
      vertex -50 5.877852522924732 13.909830056250525
    endloop
  endfacet
  facet normal -1 0 0
    outer loop
      vertex -50 0.4186876499435507 14.01096372196341
      vertex -50 0.8362277061412278 14.043824837053814
      vertex -50 5.877852522924732 13.909830056250525
    endloop
  endfacet
  facet normal -1 0 0
    outer loop
      vertex -50 0.8362277061412278 14.043824837053814
      vertex -50 1.251475720321847 14.098493275238898
      vertex -50 5.877852522924732 13.909830056250525
    endloop
  endfacet
  facet normal -1 0 0
    outer loop
      vertex -50 1.251475720321847 14.098493275238898
      vertex -50 1.6632935265420747 14.174819194129554
      vertex -50 5.877852522924732 13.909830056250525
    endloop
  endfacet
  facet normal -1 0 0
    outer loop
      vertex -50 1.6632935265420747 14.174819194129554
      vertex -50 2.070552360820166 14.272593389687454
      vertex -50 5.877852522924732 13.909830056250525
    endloop
  endfacet
  facet normal -1 0 0
    outer loop
      vertex -50 2.070552360820166 14.272593389687454
      vertex -50 2.472135954999579 14.39154786963877
      vertex -50 6.293203910498374 14.228540385430291
    endloop
  endfacet
  facet normal -1 0 0
    outer loop
      vertex -50 2.472135954999579 14.39154786963877
      vertex -50 2.866943596362402 14.531356588022387
      vertex -50 6.293203910498374 14.228540385430291
    endloop
  endfacet
  facet normal -1 0 0
    outer loop
      vertex -50 2.866943596362402 14.531356588022387
      vertex -50 3.2538931446064017 14.691636338859194
      vertex -50 6.293203910498374 14.228540385430291
    endloop
  endfacet
  facet normal -1 0 0
    outer loop
      vertex -50 2.070552360820166 14.272593389687454
      vertex -50 6.293203910498374 14.228540385430291
      vertex -50 5.877852522924732 13.909830056250525
    endloop
  endfacet
  facet normal -1 0 0
    outer loop
      vertex -50 3.2538931446064017 14.691636338859194
      vertex -50 3.631923997916374 14.871947806493058
      vertex -50 6.691306063588582 14.568551745226058
    endloop
  endfacet
  facet normal -1 0 0
    outer loop
      vertex -50 3.631923997916374 14.871947806493058
      vertex -50 4 15.071796769724491
      vertex -50 6.691306063588582 14.568551745226058
    endloop
  endfacet
  facet normal -1 0 0
    outer loop
      vertex -50 3.2538931446064017 14.691636338859194
      vertex -50 6.691306063588582 14.568551745226058
      vertex -50 6.293203910498374 14.228540385430291
    endloop
  endfacet
  facet normal -1 0 0
    outer loop
      vertex -50 4 15.071796769724491
      vertex -50 7.0710678118654755 14.928932188134524
      vertex -50 6.691306063588582 14.568551745226058
    endloop
  endfacet
  facet normal -1 0 0
    outer loop
      vertex -50 4 15.071796769724491
      vertex -50 4.357112280120217 15.290635456436608
      vertex -50 7.0710678118654755 14.928932188134524
    endloop
  endfacet
  facet normal -1 0 0
    outer loop
      vertex -50 4.357112280120217 15.290635456436608
      vertex -50 4.702282018339785 15.52786404500042
      vertex -50 7.0710678118654755 14.928932188134524
    endloop
  endfacet
  facet normal -1 0 0
    outer loop
      vertex -50 4.702282018339785 15.52786404500042
      vertex -50 7.431448254773942 15.308693936411418
      vertex -50 7.0710678118654755 14.928932188134524
    endloop
  endfacet
  facet normal -1 0 0
    outer loop
      vertex -50 4.702282018339785 15.52786404500042
      vertex -50 5.034563128398699 15.782832308344233
      vertex -50 7.431448254773942 15.308693936411418
    endloop
  endfacet
  facet normal -1 0 0
    outer loop
      vertex -50 5.034563128398699 15.782832308344233
      vertex -50 5.353044850870866 16.054841396180848
      vertex -50 7.771459614569709 15.706796089501626
    endloop
  endfacet
  facet normal -1 0 0
    outer loop
      vertex -50 7.771459614569709 15.706796089501626
      vertex -50 5.353044850870866 16.054841396180848
      vertex -50 5.656854249492381 16.34314575050762
    endloop
  endfacet
  facet normal -1 0 0
    outer loop
      vertex -50 5.034563128398699 15.782832308344233
      vertex -50 7.771459614569709 15.706796089501626
      vertex -50 7.431448254773942 15.308693936411418
    endloop
  endfacet
  facet normal -1 0 0
    outer loop
      vertex -50 7.771459614569709 15.706796089501626
      vertex -50 5.656854249492381 16.34314575050762
      vertex -50 8.090169943749475 16.122147477075266
    endloop
  endfacet
  facet normal -1 0 0
    outer loop
      vertex -50 5.656854249492381 16.34314575050762
      vertex -50 5.945158603819154 16.646955149129134
      vertex -50 8.090169943749475 16.122147477075266
    endloop
  endfacet
  facet normal -1 0 0
    outer loop
      vertex -50 5.945158603819154 16.646955149129134
      vertex -50 8.386705679454241 16.55360964984973
      vertex -50 8.090169943749475 16.122147477075266
    endloop
  endfacet
  facet normal -1 0 0
    outer loop
      vertex -50 5.945158603819154 16.646955149129134
      vertex -50 6.217167691655767 16.9654368716013
      vertex -50 8.386705679454241 16.55360964984973
    endloop
  endfacet
  facet normal -1 0 0
    outer loop
      vertex -50 6.217167691655767 16.9654368716013
      vertex -50 6.47213595499958 17.297717981660213
      vertex -50 8.386705679454241 16.55360964984973
    endloop
  endfacet
  facet normal -1 0 0
    outer loop
      vertex -50 6.47213595499958 17.297717981660213
      vertex -50 8.660254037844386 17
      vertex -50 8.386705679454241 16.55360964984973
    endloop
  endfacet
  facet normal 0 0.026176948307874346 -0.9996573249755574
    outer loop
      vertex -50 0 12
      vertex -50 0.5233595624294384 12.013704652454262
      vertex -16 0 12
    endloop
  endfacet
  facet normal 0 0.0784590957278438 -0.9969173337331282
    outer loop
      vertex -50 0.5233595624294384 12.013704652454262
      vertex -50 1.0452846326765348 12.054781046317267
      vertex -16 0.5233595624294384 12.013704652454262
    endloop
  endfacet
  facet normal 0 0.13052619222004908 -0.9914448613738108
    outer loop
      vertex -50 1.0452846326765348 12.054781046317267
      vertex -50 1.5643446504023086 12.123116594048621
      vertex -16 1.0452846326765348 12.054781046317267
    endloop
  endfacet
  facet normal 0 0.1822355254921489 -0.9832549075639543
    outer loop
      vertex -50 1.5643446504023086 12.123116594048621
      vertex -50 2.0791169081775935 12.218523992661943
      vertex -16 1.5643446504023086 12.123116594048621
    endloop
  endfacet
  facet normal 0 0.23344536385590647 -0.9723699203976763
    outer loop
      vertex -50 2.0791169081775935 12.218523992661943
      vertex -50 2.5881904510252074 12.340741737109317
      vertex -16 2.0791169081775935 12.218523992661943
    endloop
  endfacet
  facet normal 0 0.28401534470392453 -0.9588197348681925
    outer loop
      vertex -50 2.5881904510252074 12.340741737109317
      vertex -50 3.090169943749474 12.489434837048465
      vertex -16 2.5881904510252074 12.340741737109317
    endloop
  endfacet
  facet normal 0 0.3338068592337695 -0.9426414910921789
    outer loop
      vertex -50 3.090169943749474 12.489434837048465
      vertex -50 3.5836794954530027 12.664195735027983
      vertex -16 3.090169943749474 12.489434837048465
    endloop
  endfacet
  facet normal 0 0.38268343236508984 -0.9238795325112867
    outer loop
      vertex -50 3.5836794954530027 12.664195735027983
      vertex -50 4.067366430758002 12.864545423573992
      vertex -16 3.5836794954530027 12.664195735027983
    endloop
  endfacet
  facet normal 0 0.4305110968082947 -0.9025852843498607
    outer loop
      vertex -50 4.067366430758002 12.864545423573992
      vertex -50 4.5399049973954675 13.089934758116321
      vertex -16 4.067366430758002 12.864545423573992
    endloop
  endfacet
  facet normal 0 0.4771587602596097 -0.8788171126619647
    outer loop
      vertex -50 4.5399049973954675 13.089934758116321
      vertex -50 5 13.339745962155614
      vertex -16 4.5399049973954675 13.089934758116321
    endloop
  endfacet
  facet normal 0 0.5224985647159461 -0.8526401643540937
    outer loop
      vertex -50 5 13.339745962155614
      vertex -50 5.446390350150271 13.613294320545759
      vertex -16 5 13.339745962155614
    endloop
  endfacet
  facet normal 0 0.5664062369248333 -0.8241261886220155
    outer loop
      vertex -50 5.446390350150271 13.613294320545759
      vertex -50 5.877852522924732 13.909830056250525
      vertex -16 5.446390350150271 13.613294320545759
    endloop
  endfacet
  facet normal 0 0.6087614290087219 -0.793353340291234
    outer loop
      vertex -50 5.877852522924732 13.909830056250525
      vertex -50 6.293203910498374 14.228540385430291
      vertex -16 5.877852522924732 13.909830056250525
    endloop
  endfacet
  facet normal 0 0.6494480483301832 -0.7604059656000313
    outer loop
      vertex -50 6.293203910498374 14.228540385430291
      vertex -50 6.691306063588582 14.568551745226058
      vertex -16 6.293203910498374 14.228540385430291
    endloop
  endfacet
  facet normal 0 0.6883545756937532 -0.7253743710122882
    outer loop
      vertex -50 6.691306063588582 14.568551745226058
      vertex -50 7.0710678118654755 14.928932188134524
      vertex -16 6.691306063588582 14.568551745226058
    endloop
  endfacet
  facet normal 0 0.7253743710122882 -0.6883545756937532
    outer loop
      vertex -50 7.0710678118654755 14.928932188134524
      vertex -50 7.431448254773942 15.308693936411418
      vertex -16 7.0710678118654755 14.928932188134524
    endloop
  endfacet
  facet normal 0 0.7604059656000313 -0.6494480483301832
    outer loop
      vertex -50 7.431448254773942 15.308693936411418
      vertex -50 7.771459614569709 15.706796089501626
      vertex -16 7.431448254773942 15.308693936411418
    endloop
  endfacet
  facet normal 0 0.7933533402912328 -0.6087614290087235
    outer loop
      vertex -50 7.771459614569709 15.706796089501626
      vertex -50 8.090169943749475 16.122147477075266
      vertex -16 7.771459614569709 15.706796089501626
    endloop
  endfacet
  facet normal 0 0.8241261886220164 -0.5664062369248316
    outer loop
      vertex -50 8.090169943749475 16.122147477075266
      vertex -50 8.386705679454241 16.55360964984973
      vertex -16 8.090169943749475 16.122147477075266
    endloop
  endfacet
  facet normal 0 0.8526401643540937 -0.5224985647159461
    outer loop
      vertex -50 8.386705679454241 16.55360964984973
      vertex -50 8.660254037844386 17
      vertex -16 8.386705679454241 16.55360964984973
    endloop
  endfacet
  facet normal 0 0.026176948307874346 -0.9996573249755574
    outer loop
      vertex -50 0.5233595624294384 12.013704652454262
      vertex -16 0.5233595624294384 12.013704652454262
      vertex -16 0 12
    endloop
  endfacet
  facet normal 0 0.0784590957278438 -0.9969173337331282
    outer loop
      vertex -50 1.0452846326765348 12.054781046317267
      vertex -16 1.0452846326765348 12.054781046317267
      vertex -16 0.5233595624294384 12.013704652454262
    endloop
  endfacet
  facet normal 0 0.13052619222004908 -0.9914448613738108
    outer loop
      vertex -50 1.5643446504023086 12.123116594048621
      vertex -16 1.5643446504023086 12.123116594048621
      vertex -16 1.0452846326765348 12.054781046317267
    endloop
  endfacet
  facet normal 0 0.1822355254921489 -0.9832549075639543
    outer loop
      vertex -50 2.0791169081775935 12.218523992661943
      vertex -16 2.0791169081775935 12.218523992661943
      vertex -16 1.5643446504023086 12.123116594048621
    endloop
  endfacet
  facet normal 0 0.23344536385590647 -0.9723699203976763
    outer loop
      vertex -50 2.5881904510252074 12.340741737109317
      vertex -16 2.5881904510252074 12.340741737109317
      vertex -16 2.0791169081775935 12.218523992661943
    endloop
  endfacet
  facet normal 0 0.28401534470392453 -0.9588197348681925
    outer loop
      vertex -50 3.090169943749474 12.489434837048465
      vertex -16 3.090169943749474 12.489434837048465
      vertex -16 2.5881904510252074 12.340741737109317
    endloop
  endfacet
  facet normal 0 0.3338068592337695 -0.9426414910921789
    outer loop
      vertex -50 3.5836794954530027 12.664195735027983
      vertex -16 3.5836794954530027 12.664195735027983
      vertex -16 3.090169943749474 12.489434837048465
    endloop
  endfacet
  facet normal 0 0.38268343236508984 -0.9238795325112867
    outer loop
      vertex -50 4.067366430758002 12.864545423573992
      vertex -16 4.067366430758002 12.864545423573992
      vertex -16 3.5836794954530027 12.664195735027983
    endloop
  endfacet
  facet normal 0 0.4305110968082947 -0.9025852843498607
    outer loop
      vertex -50 4.5399049973954675 13.089934758116321
      vertex -16 4.5399049973954675 13.089934758116321
      vertex -16 4.067366430758002 12.864545423573992
    endloop
  endfacet
  facet normal 0 0.4771587602596097 -0.8788171126619647
    outer loop
      vertex -50 5 13.339745962155614
      vertex -16 5 13.339745962155614
      vertex -16 4.5399049973954675 13.089934758116321
    endloop
  endfacet
  facet normal 0 0.5224985647159461 -0.8526401643540937
    outer loop
      vertex -50 5.446390350150271 13.613294320545759
      vertex -16 5.446390350150271 13.613294320545759
      vertex -16 5 13.339745962155614
    endloop
  endfacet
  facet normal 0 0.5664062369248333 -0.8241261886220155
    outer loop
      vertex -50 5.877852522924732 13.909830056250525
      vertex -16 5.877852522924732 13.909830056250525
      vertex -16 5.446390350150271 13.613294320545759
    endloop
  endfacet
  facet normal 0 0.6087614290087219 -0.793353340291234
    outer loop
      vertex -50 6.293203910498374 14.228540385430291
      vertex -16 6.293203910498374 14.228540385430291
      vertex -16 5.877852522924732 13.909830056250525
    endloop
  endfacet
  facet normal 0 0.6494480483301832 -0.7604059656000313
    outer loop
      vertex -50 6.691306063588582 14.568551745226058
      vertex -16 6.691306063588582 14.568551745226058
      vertex -16 6.293203910498374 14.228540385430291
    endloop
  endfacet
  facet normal 0 0.6883545756937532 -0.7253743710122882
    outer loop
      vertex -50 7.0710678118654755 14.928932188134524
      vertex -16 7.0710678118654755 14.928932188134524
      vertex -16 6.691306063588582 14.568551745226058
    endloop
  endfacet
  facet normal 0 0.7253743710122882 -0.6883545756937532
    outer loop
      vertex -50 7.431448254773942 15.308693936411418
      vertex -16 7.431448254773942 15.308693936411418
      vertex -16 7.0710678118654755 14.928932188134524
    endloop
  endfacet
  facet normal 0 0.7604059656000313 -0.6494480483301832
    outer loop
      vertex -50 7.771459614569709 15.706796089501626
      vertex -16 7.771459614569709 15.706796089501626
      vertex -16 7.431448254773942 15.308693936411418
    endloop
  endfacet
  facet normal 0 0.7933533402912328 -0.6087614290087235
    outer loop
      vertex -50 8.090169943749475 16.122147477075266
      vertex -16 8.090169943749475 16.122147477075266
      vertex -16 7.771459614569709 15.706796089501626
    endloop
  endfacet
  facet normal 0 0.8241261886220164 -0.5664062369248316
    outer loop
      vertex -50 8.386705679454241 16.55360964984973
      vertex -16 8.386705679454241 16.55360964984973
      vertex -16 8.090169943749475 16.122147477075266
    endloop
  endfacet
  facet normal 0 0.8526401643540937 -0.5224985647159461
    outer loop
      vertex -50 8.660254037844386 17
      vertex -16 8.660254037844386 17
      vertex -16 8.386705679454241 16.55360964984973
    endloop
  endfacet
  facet normal 0 -0.026176948307876046 0.9996573249755573
    outer loop
      vertex -50 0 14
      vertex 50 0 14
      vertex -50 0.4186876499435507 14.01096372196341
    endloop
  endfacet
  facet normal 0 -0.07845909572784297 0.9969173337331282
    outer loop
      vertex -50 0.4186876499435507 14.01096372196341
      vertex 50 0.4186876499435507 14.01096372196341
      vertex -50 0.8362277061412278 14.043824837053814
    endloop
  endfacet
  facet normal 0 -0.13052619222004988 0.9914448613738107
    outer loop
      vertex -50 0.8362277061412278 14.043824837053814
      vertex 50 0.8362277061412278 14.043824837053814
      vertex -50 1.251475720321847 14.098493275238898
    endloop
  endfacet
  facet normal 0 -0.1822355254921473 0.9832549075639545
    outer loop
      vertex -50 1.251475720321847 14.098493275238898
      vertex 50 1.251475720321847 14.098493275238898
      vertex -50 1.6632935265420747 14.174819194129554
    endloop
  endfacet
  facet normal 0 -0.23344536385590803 0.9723699203976761
    outer loop
      vertex -50 1.6632935265420747 14.174819194129554
      vertex 50 1.6632935265420747 14.174819194129554
      vertex -50 2.070552360820166 14.272593389687454
    endloop
  endfacet
  facet normal 0 -0.2840153447039199 0.9588197348681938
    outer loop
      vertex -50 2.070552360820166 14.272593389687454
      vertex 50 2.070552360820166 14.272593389687454
      vertex -50 2.472135954999579 14.39154786963877
    endloop
  endfacet
  facet normal 0 -0.33380685923377396 0.9426414910921772
    outer loop
      vertex -50 2.472135954999579 14.39154786963877
      vertex 50 2.472135954999579 14.39154786963877
      vertex -50 2.866943596362402 14.531356588022387
    endloop
  endfacet
  facet normal 0 -0.3826834323650901 0.9238795325112865
    outer loop
      vertex -50 2.866943596362402 14.531356588022387
      vertex 50 2.866943596362402 14.531356588022387
      vertex -50 3.2538931446064017 14.691636338859194
    endloop
  endfacet
  facet normal 0 -0.4305110968082944 0.902585284349861
    outer loop
      vertex -50 3.2538931446064017 14.691636338859194
      vertex 50 3.2538931446064017 14.691636338859194
      vertex -50 3.631923997916374 14.871947806493058
    endloop
  endfacet
  facet normal 0 -0.47715876025960774 0.8788171126619658
    outer loop
      vertex -50 3.631923997916374 14.871947806493058
      vertex 50 3.631923997916374 14.871947806493058
      vertex -50 4 15.071796769724491
    endloop
  endfacet
  facet normal 0 -0.5224985647159479 0.8526401643540928
    outer loop
      vertex -50 4 15.071796769724491
      vertex 50 4 15.071796769724491
      vertex -50 4.357112280120217 15.290635456436608
    endloop
  endfacet
  facet normal 0 -0.5664062369248327 0.8241261886220157
    outer loop
      vertex -50 4.357112280120217 15.290635456436608
      vertex 50 4.357112280120217 15.290635456436608
      vertex -50 4.702282018339785 15.52786404500042
    endloop
  endfacet
  facet normal 0 -0.6087614290087213 0.7933533402912346
    outer loop
      vertex -50 4.702282018339785 15.52786404500042
      vertex 50 4.702282018339785 15.52786404500042
      vertex -50 5.034563128398699 15.782832308344233
    endloop
  endfacet
  facet normal 0 -0.6494480483301854 0.7604059656000294
    outer loop
      vertex -50 5.034563128398699 15.782832308344233
      vertex 50 5.034563128398699 15.782832308344233
      vertex -50 5.353044850870866 16.054841396180848
    endloop
  endfacet
  facet normal 0 -0.6883545756937522 0.7253743710122893
    outer loop
      vertex -50 5.353044850870866 16.054841396180848
      vertex 50 5.353044850870866 16.054841396180848
      vertex -50 5.656854249492381 16.34314575050762
    endloop
  endfacet
  facet normal 0 -0.7253743710122873 0.6883545756937545
    outer loop
      vertex -50 5.656854249492381 16.34314575050762
      vertex 50 5.656854249492381 16.34314575050762
      vertex -50 5.945158603819154 16.646955149129134
    endloop
  endfacet
  facet normal 0 -0.7604059656000324 0.649448048330182
    outer loop
      vertex -50 5.945158603819154 16.646955149129134
      vertex 50 5.945158603819154 16.646955149129134
      vertex -50 6.217167691655767 16.9654368716013
    endloop
  endfacet
  facet normal 0 -0.7933533402912322 0.6087614290087244
    outer loop
      vertex -50 6.217167691655767 16.9654368716013
      vertex 50 6.217167691655767 16.9654368716013
      vertex -50 6.47213595499958 17.297717981660213
    endloop
  endfacet
  facet normal -1 0 0
    outer loop
      vertex -50 6.47213595499958 17.297717981660213
      vertex -50 6.709364543563392 17.642887719879784
      vertex -50 8.660254037844386 17
    endloop
  endfacet
  facet normal -1 0 0
    outer loop
      vertex -50 6.709364543563392 17.642887719879784
      vertex -50 6.928203230275509 18
      vertex -50 8.910065241883679 17.460095002604533
    endloop
  endfacet
  facet normal -1 0 0
    outer loop
      vertex -50 6.709364543563392 17.642887719879784
      vertex -50 8.910065241883679 17.460095002604533
      vertex -50 8.660254037844386 17
    endloop
  endfacet
  facet normal -1 0 0
    outer loop
      vertex -50 6.928203230275509 18
      vertex -50 7.128052193506943 18.368076002083626
      vertex -50 9.135454576426008 17.932633569241997
    endloop
  endfacet
  facet normal -1 0 0
    outer loop
      vertex -50 6.928203230275509 18
      vertex -50 9.135454576426008 17.932633569241997
      vertex -50 8.910065241883679 17.460095002604533
    endloop
  endfacet
  facet normal -1 0 0
    outer loop
      vertex -50 7.128052193506943 18.368076002083626
      vertex -50 7.308363661140807 18.7461068553936
      vertex -50 9.135454576426008 17.932633569241997
    endloop
  endfacet
  facet normal -1 0 0
    outer loop
      vertex -50 7.308363661140807 18.7461068553936
      vertex -50 9.335804264972017 18.416320504547
      vertex -50 9.135454576426008 17.932633569241997
    endloop
  endfacet
  facet normal -1 0 0
    outer loop
      vertex -50 7.308363661140807 18.7461068553936
      vertex -50 7.468643411977614 19.133056403637596
      vertex -50 9.335804264972017 18.416320504547
    endloop
  endfacet
  facet normal -1 0 0
    outer loop
      vertex -50 7.468643411977614 19.133056403637596
      vertex -50 7.608452130361228 19.52786404500042
      vertex -50 9.510565162951535 18.909830056250527
    endloop
  endfacet
  facet normal -1 0 0
    outer loop
      vertex -50 7.608452130361228 19.52786404500042
      vertex -50 7.7274066103125465 19.929447639179834
      vertex -50 9.659258262890683 19.411809548974794
    endloop
  endfacet
  facet normal -1 0 0
    outer loop
      vertex -50 7.7274066103125465 19.929447639179834
      vertex -50 7.8251808058704455 20.336706473457927
      vertex -50 9.781476007338057 19.920883091822407
    endloop
  endfacet
  facet normal -1 0 0
    outer loop
      vertex -50 7.8251808058704455 20.336706473457927
      vertex -50 7.901506724761102 20.748524279678154
      vertex -50 9.781476007338057 19.920883091822407
    endloop
  endfacet
  facet normal -1 0 0
    outer loop
      vertex -50 7.901506724761102 20.748524279678154
      vertex -50 7.956175162946186 21.163772293858774
      vertex -50 9.876883405951379 20.435655349597692
    endloop
  endfacet
  facet normal -1 0 0
    outer loop
      vertex -50 7.956175162946186 21.163772293858774
      vertex -50 7.989036278036591 21.58131235005645
      vertex -50 9.945218953682733 20.954715367323466
    endloop
  endfacet
  facet normal -1 0 0
    outer loop
      vertex -50 7.989036278036591 21.58131235005645
      vertex -50 8 22
      vertex -50 10 22
    endloop
  endfacet
  facet normal -1 0 0
    outer loop
      vertex -50 8 22
      vertex -50 7.989036278036591 22.41868764994355
      vertex -50 10 22
    endloop
  endfacet
  facet normal -1 0 0
    outer loop
      vertex -50 7.989036278036591 22.41868764994355
      vertex -50 7.956175162946186 22.836227706141226
      vertex -50 9.986295347545738 22.523359562429437
    endloop
  endfacet
  facet normal -1 0 0
    outer loop
      vertex -50 7.956175162946186 22.836227706141226
      vertex -50 7.901506724761102 23.251475720321846
      vertex -50 9.945218953682733 23.045284632676534
    endloop
  endfacet
  facet normal -1 0 0
    outer loop
      vertex -50 7.901506724761102 23.251475720321846
      vertex -50 7.8251808058704455 23.663293526542073
      vertex -50 9.876883405951379 23.564344650402308
    endloop
  endfacet
  facet normal -1 0 0
    outer loop
      vertex -50 7.8251808058704455 23.663293526542073
      vertex -50 7.7274066103125465 24.070552360820166
      vertex -50 9.781476007338057 24.079116908177593
    endloop
  endfacet
  facet normal -1 0 0
    outer loop
      vertex -50 7.608452130361228 24.47213595499958
      vertex -50 9.781476007338057 24.079116908177593
      vertex -50 7.7274066103125465 24.070552360820166
    endloop
  endfacet
  facet normal -1 0 0
    outer loop
      vertex -50 7.468643411977614 24.866943596362404
      vertex -50 7.308363661140807 25.2538931446064
      vertex -50 9.510565162951535 25.090169943749473
    endloop
  endfacet
  facet normal -1 0 0
    outer loop
      vertex -50 7.608452130361228 24.47213595499958
      vertex -50 7.468643411977614 24.866943596362404
      vertex -50 9.659258262890683 24.588190451025206
    endloop
  endfacet
  facet normal -1 0 0
    outer loop
      vertex -50 7.308363661140807 25.2538931446064
      vertex -50 7.128052193506943 25.631923997916374
      vertex -50 9.335804264972017 25.583679495453
    endloop
  endfacet
  facet normal -1 0 0
    outer loop
      vertex -50 7.308363661140807 25.2538931446064
      vertex -50 9.335804264972017 25.583679495453
      vertex -50 9.510565162951535 25.090169943749473
    endloop
  endfacet
  facet normal -1 0 0
    outer loop
      vertex -50 7.468643411977614 19.133056403637596
      vertex -50 9.510565162951535 18.909830056250527
      vertex -50 9.335804264972017 18.416320504547
    endloop
  endfacet
  facet normal -1 0 0
    outer loop
      vertex -50 7.608452130361228 19.52786404500042
      vertex -50 9.659258262890683 19.411809548974794
      vertex -50 9.510565162951535 18.909830056250527
    endloop
  endfacet
  facet normal -1 0 0
    outer loop
      vertex -50 7.7274066103125465 19.929447639179834
      vertex -50 9.781476007338057 19.920883091822407
      vertex -50 9.659258262890683 19.411809548974794
    endloop
  endfacet
  facet normal -1 0 0
    outer loop
      vertex -50 7.901506724761102 20.748524279678154
      vertex -50 9.876883405951379 20.435655349597692
      vertex -50 9.781476007338057 19.920883091822407
    endloop
  endfacet
  facet normal -1 0 0
    outer loop
      vertex -50 7.956175162946186 21.163772293858774
      vertex -50 9.945218953682733 20.954715367323466
      vertex -50 9.876883405951379 20.435655349597692
    endloop
  endfacet
  facet normal -1 0 0
    outer loop
      vertex -50 7.989036278036591 21.58131235005645
      vertex -50 9.986295347545738 21.476640437570563
      vertex -50 9.945218953682733 20.954715367323466
    endloop
  endfacet
  facet normal -1 0 0
    outer loop
      vertex -50 7.989036278036591 21.58131235005645
      vertex -50 10 22
      vertex -50 9.986295347545738 21.476640437570563
    endloop
  endfacet
  facet normal -1 0 0
    outer loop
      vertex -50 7.989036278036591 22.41868764994355
      vertex -50 9.986295347545738 22.523359562429437
      vertex -50 10 22
    endloop
  endfacet
  facet normal -1 0 0
    outer loop
      vertex -50 7.956175162946186 22.836227706141226
      vertex -50 9.945218953682733 23.045284632676534
      vertex -50 9.986295347545738 22.523359562429437
    endloop
  endfacet
  facet normal -1 0 0
    outer loop
      vertex -50 7.901506724761102 23.251475720321846
      vertex -50 9.876883405951379 23.564344650402308
      vertex -50 9.945218953682733 23.045284632676534
    endloop
  endfacet
  facet normal -1 0 0
    outer loop
      vertex -50 7.8251808058704455 23.663293526542073
      vertex -50 9.781476007338057 24.079116908177593
      vertex -50 9.876883405951379 23.564344650402308
    endloop
  endfacet
  facet normal -1 0 0
    outer loop
      vertex -50 7.608452130361228 24.47213595499958
      vertex -50 9.659258262890683 24.588190451025206
      vertex -50 9.781476007338057 24.079116908177593
    endloop
  endfacet
  facet normal -1 0 0
    outer loop
      vertex -50 7.468643411977614 24.866943596362404
      vertex -50 9.510565162951535 25.090169943749473
      vertex -50 9.659258262890683 24.588190451025206
    endloop
  endfacet
  facet normal 0 0.8788171126619647 -0.4771587602596097
    outer loop
      vertex -50 8.660254037844386 17
      vertex -50 8.910065241883679 17.460095002604533
      vertex -16 8.660254037844386 17
    endloop
  endfacet
  facet normal 0 0.9025852843498605 -0.43051109680829536
    outer loop
      vertex -50 8.910065241883679 17.460095002604533
      vertex -50 9.135454576426008 17.932633569241997
      vertex -16 8.910065241883679 17.460095002604533
    endloop
  endfacet
  facet normal 0 0.9238795325112874 -0.3826834323650884
    outer loop
      vertex -50 9.135454576426008 17.932633569241997
      vertex -50 9.335804264972017 18.416320504547
      vertex -16 9.135454576426008 17.932633569241997
    endloop
  endfacet
  facet normal 0 0.9426414910921789 -0.3338068592337695
    outer loop
      vertex -50 9.335804264972017 18.416320504547
      vertex -50 9.510565162951535 18.909830056250527
      vertex -16 9.335804264972017 18.416320504547
    endloop
  endfacet
  facet normal 0 0.9588197348681925 -0.2840153447039243
    outer loop
      vertex -50 9.510565162951535 18.909830056250527
      vertex -50 9.659258262890683 19.411809548974794
      vertex -16 9.510565162951535 18.909830056250527
    endloop
  endfacet
  facet normal 0 0.9723699203976761 -0.2334453638559068
    outer loop
      vertex -50 9.659258262890683 19.411809548974794
      vertex -50 9.781476007338057 19.920883091822407
      vertex -16 9.659258262890683 19.411809548974794
    endloop
  endfacet
  facet normal 0 0.9832549075639542 -0.18223552549214903
    outer loop
      vertex -50 9.781476007338057 19.920883091822407
      vertex -50 9.876883405951379 20.435655349597692
      vertex -16 9.781476007338057 19.920883091822407
    endloop
  endfacet
  facet normal 0 0.9914448613738108 -0.130526192220049
    outer loop
      vertex -50 9.876883405951379 20.435655349597692
      vertex -50 9.945218953682733 20.954715367323466
      vertex -16 9.876883405951379 20.435655349597692
    endloop
  endfacet
  facet normal 0 0.9969173337331282 -0.07845909572784379
    outer loop
      vertex -50 9.945218953682733 20.954715367323466
      vertex -50 9.986295347545738 21.476640437570563
      vertex -16 9.945218953682733 20.954715367323466
    endloop
  endfacet
  facet normal 0 0.9996573249755574 -0.0261769483078744
    outer loop
      vertex -50 9.986295347545738 21.476640437570563
      vertex -50 10 22
      vertex -16 9.986295347545738 21.476640437570563
    endloop
  endfacet
  facet normal 0 0.9996573249755574 0.0261769483078744
    outer loop
      vertex -50 10 22
      vertex -50 9.986295347545738 22.523359562429437
      vertex -16 10 22
    endloop
  endfacet
  facet normal -1 0 0
    outer loop
      vertex -50 0.8362277061412278 29.956175162946188
      vertex -50 6.293203910498374 29.771459614569707
      vertex -50 1.251475720321847 29.901506724761102
    endloop
  endfacet
  facet normal -1 0 0
    outer loop
      vertex -50 1.251475720321847 29.901506724761102
      vertex -50 6.293203910498374 29.771459614569707
      vertex -50 1.6632935265420747 29.825180805870446
    endloop
  endfacet
  facet normal -1 0 0
    outer loop
      vertex -50 2.866943596362402 29.468643411977613
      vertex -50 6.691306063588582 29.43144825477394
      vertex -50 3.2538931446064017 29.308363661140806
    endloop
  endfacet
  facet normal -1 0 0
    outer loop
      vertex -50 2.070552360820166 29.727406610312546
      vertex -50 6.293203910498374 29.771459614569707
      vertex -50 2.472135954999579 29.60845213036123
    endloop
  endfacet
  facet normal -1 0 0
    outer loop
      vertex -50 2.070552360820166 29.727406610312546
      vertex -50 1.6632935265420747 29.825180805870446
      vertex -50 6.293203910498374 29.771459614569707
    endloop
  endfacet
  facet normal -1 0 0
    outer loop
      vertex -50 2.866943596362402 29.468643411977613
      vertex -50 2.472135954999579 29.60845213036123
      vertex -50 6.691306063588582 29.43144825477394
    endloop
  endfacet
  facet normal -1 0 0
    outer loop
      vertex -50 0.8362277061412278 29.956175162946188
      vertex -50 5.877852522924732 30.090169943749473
      vertex -50 6.293203910498374 29.771459614569707
    endloop
  endfacet
  facet normal -1 0 0
    outer loop
      vertex -50 5.353044850870866 27.945158603819152
      vertex -50 8.090169943749475 27.877852522924734
      vertex -50 5.656854249492381 27.65685424949238
    endloop
  endfacet
  facet normal -1 0 0
    outer loop
      vertex -50 6.928203230275509 26
      vertex -50 6.709364543563392 26.357112280120216
      vertex -50 9.135454576426008 26.067366430758003
    endloop
  endfacet
  facet normal -1 0 0
    outer loop
      vertex -50 6.47213595499958 26.702282018339787
      vertex -50 8.910065241883679 26.539904997395467
      vertex -50 6.709364543563392 26.357112280120216
    endloop
  endfacet
  facet normal -1 0 0
    outer loop
      vertex -50 7.128052193506943 25.631923997916374
      vertex -50 6.928203230275509 26
      vertex -50 9.335804264972017 25.583679495453
    endloop
  endfacet
  facet normal -1 0 0
    outer loop
      vertex -50 6.928203230275509 26
      vertex -50 9.135454576426008 26.067366430758003
      vertex -50 9.335804264972017 25.583679495453
    endloop
  endfacet
  facet normal -1 0 0
    outer loop
      vertex -50 6.47213595499958 26.702282018339787
      vertex -50 8.660254037844386 27
      vertex -50 8.910065241883679 26.539904997395467
    endloop
  endfacet
  facet normal -1 0 0
    outer loop
      vertex -50 6.709364543563392 26.357112280120216
      vertex -50 8.910065241883679 26.539904997395467
      vertex -50 9.135454576426008 26.067366430758003
    endloop
  endfacet
  facet normal -1 0 0
    outer loop
      vertex -50 5.945158603819154 27.353044850870866
      vertex -50 8.660254037844386 27
      vertex -50 6.217167691655767 27.0345631283987
    endloop
  endfacet
  facet normal -1 0 0
    outer loop
      vertex -50 6.47213595499958 26.702282018339787
      vertex -50 6.217167691655767 27.0345631283987
      vertex -50 8.660254037844386 27
    endloop
  endfacet
  facet normal -1 0 0
    outer loop
      vertex -50 5.945158603819154 27.353044850870866
      vertex -50 5.656854249492381 27.65685424949238
      vertex -50 8.386705679454241 27.44639035015027
    endloop
  endfacet
  facet normal -1 0 0
    outer loop
      vertex -50 5.656854249492381 27.65685424949238
      vertex -50 8.090169943749475 27.877852522924734
      vertex -50 8.386705679454241 27.44639035015027
    endloop
  endfacet
  facet normal -1 0 0
    outer loop
      vertex -50 5.945158603819154 27.353044850870866
      vertex -50 8.386705679454241 27.44639035015027
      vertex -50 8.660254037844386 27
    endloop
  endfacet
  facet normal -1 0 0
    outer loop
      vertex -50 4.357112280120217 28.709364543563392
      vertex -50 4 28.928203230275507
      vertex -50 7.431448254773942 28.691306063588584
    endloop
  endfacet
  facet normal -1 0 0
    outer loop
      vertex -50 4.702282018339785 28.47213595499958
      vertex -50 7.771459614569709 28.293203910498374
      vertex -50 5.034563128398699 28.217167691655767
    endloop
  endfacet
  facet normal -1 0 0
    outer loop
      vertex -50 5.353044850870866 27.945158603819152
      vertex -50 5.034563128398699 28.217167691655767
      vertex -50 8.090169943749475 27.877852522924734
    endloop
  endfacet
  facet normal -1 0 0
    outer loop
      vertex -50 4.357112280120217 28.709364543563392
      vertex -50 7.431448254773942 28.691306063588584
      vertex -50 4.702282018339785 28.47213595499958
    endloop
  endfacet
  facet normal -1 0 0
    outer loop
      vertex -50 4 28.928203230275507
      vertex -50 7.0710678118654755 29.071067811865476
      vertex -50 7.431448254773942 28.691306063588584
    endloop
  endfacet
  facet normal -1 0 0
    outer loop
      vertex -50 3.2538931446064017 29.308363661140806
      vertex -50 7.0710678118654755 29.071067811865476
      vertex -50 3.631923997916374 29.128052193506942
    endloop
  endfacet
  facet normal -1 0 0
    outer loop
      vertex -50 4 28.928203230275507
      vertex -50 3.631923997916374 29.128052193506942
      vertex -50 7.0710678118654755 29.071067811865476
    endloop
  endfacet
  facet normal -1 0 0
    outer loop
      vertex -50 2.472135954999579 29.60845213036123
      vertex -50 6.293203910498374 29.771459614569707
      vertex -50 6.691306063588582 29.43144825477394
    endloop
  endfacet
  facet normal -1 0 0
    outer loop
      vertex -50 3.2538931446064017 29.308363661140806
      vertex -50 6.691306063588582 29.43144825477394
      vertex -50 7.0710678118654755 29.071067811865476
    endloop
  endfacet
  facet normal -1 0 0
    outer loop
      vertex -50 8.090169943749475 27.877852522924734
      vertex -50 5.034563128398699 28.217167691655767
      vertex -50 7.771459614569709 28.293203910498374
    endloop
  endfacet
  facet normal -1 0 0
    outer loop
      vertex -50 4.702282018339785 28.47213595499958
      vertex -50 7.431448254773942 28.691306063588584
      vertex -50 7.771459614569709 28.293203910498374
    endloop
  endfacet
  facet normal -1 0 0
    outer loop
      vertex -50 -5.877852522924732 30.090169943749473
      vertex -50 5.877852522924732 30.090169943749473
      vertex -50 0 30
    endloop
  endfacet
  facet normal -1 0 0
    outer loop
      vertex -50 0.4186876499435507 29.98903627803659
      vertex -50 0 30
      vertex -50 5.877852522924732 30.090169943749473
    endloop
  endfacet
  facet normal -1 0 0
    outer loop
      vertex -50 -5.446390350150271 30.38670567945424
      vertex -50 5.446390350150271 30.38670567945424
      vertex -50 5.877852522924732 30.090169943749473
    endloop
  endfacet
  facet normal -1 0 0
    outer loop
      vertex -50 -5 30.660254037844386
      vertex -50 5 30.660254037844386
      vertex -50 5.446390350150271 30.38670567945424
    endloop
  endfacet
  facet normal -1 0 0
    outer loop
      vertex -50 -4.5399049973954675 30.91006524188368
      vertex -50 4.5399049973954675 30.91006524188368
      vertex -50 5 30.660254037844386
    endloop
  endfacet
  facet normal -1 0 0
    outer loop
      vertex -50 -0.5233595624294384 31.986295347545738
      vertex -50 0 32
      vertex -50 0.5233595624294384 31.986295347545738
    endloop
  endfacet
  facet normal -1 0 0
    outer loop
      vertex -50 -0.5233595624294384 31.986295347545738
      vertex -50 0.5233595624294384 31.986295347545738
      vertex -50 1.0452846326765348 31.945218953682733
    endloop
  endfacet
  facet normal -1 0 0
    outer loop
      vertex -50 -1.0452846326765348 31.945218953682733
      vertex -50 1.0452846326765348 31.945218953682733
      vertex -50 1.5643446504023086 31.87688340595138
    endloop
  endfacet
  facet normal -1 0 0
    outer loop
      vertex -50 -1.5643446504023086 31.87688340595138
      vertex -50 1.5643446504023086 31.87688340595138
      vertex -50 2.0791169081775935 31.781476007338057
    endloop
  endfacet
  facet normal -1 0 0
    outer loop
      vertex -50 -2.5881904510252074 31.65925826289068
      vertex -50 2.5881904510252074 31.65925826289068
      vertex -50 3.090169943749474 31.510565162951536
    endloop
  endfacet
  facet normal -1 0 0
    outer loop
      vertex -50 -2.0791169081775935 31.781476007338057
      vertex -50 2.0791169081775935 31.781476007338057
      vertex -50 2.5881904510252074 31.65925826289068
    endloop
  endfacet
  facet normal -1 0 0
    outer loop
      vertex -50 -3.5836794954530027 31.33580426497202
      vertex -50 3.5836794954530027 31.33580426497202
      vertex -50 4.067366430758002 31.135454576426007
    endloop
  endfacet
  facet normal -1 0 0
    outer loop
      vertex -50 -4.067366430758002 31.135454576426007
      vertex -50 4.067366430758002 31.135454576426007
      vertex -50 4.5399049973954675 30.91006524188368
    endloop
  endfacet
  facet normal -1 0 0
    outer loop
      vertex -50 -3.090169943749474 31.510565162951536
      vertex -50 3.090169943749474 31.510565162951536
      vertex -50 3.5836794954530027 31.33580426497202
    endloop
  endfacet
  facet normal -1 0 0
    outer loop
      vertex -50 0.4186876499435507 29.98903627803659
      vertex -50 5.877852522924732 30.090169943749473
      vertex -50 0.8362277061412278 29.956175162946188
    endloop
  endfacet
  facet normal 0 -0.8241261886220178 0.5664062369248297
    outer loop
      vertex -50 6.47213595499958 17.297717981660213
      vertex 50 6.47213595499958 17.297717981660213
      vertex -50 6.709364543563392 17.642887719879784
    endloop
  endfacet
  facet normal 0 -0.8526401643540922 0.5224985647159488
    outer loop
      vertex -50 6.709364543563392 17.642887719879784
      vertex 50 6.709364543563392 17.642887719879784
      vertex -50 6.928203230275509 18
    endloop
  endfacet
  facet normal 0 -0.8788171126619649 0.47715876025960935
    outer loop
      vertex -50 6.928203230275509 18
      vertex 50 6.928203230275509 18
      vertex -50 7.128052193506943 18.368076002083626
    endloop
  endfacet
  facet normal 0 -0.9025852843498612 0.4305110968082941
    outer loop
      vertex -50 7.128052193506943 18.368076002083626
      vertex 50 7.128052193506943 18.368076002083626
      vertex -50 7.308363661140807 18.7461068553936
    endloop
  endfacet
  facet normal 0 -0.9238795325112859 0.382683432365092
    outer loop
      vertex -50 7.308363661140807 18.7461068553936
      vertex 50 7.308363661140807 18.7461068553936
      vertex -50 7.468643411977614 19.133056403637596
    endloop
  endfacet
  facet normal 0 -0.942641491092179 0.3338068592337692
    outer loop
      vertex -50 7.468643411977614 19.133056403637596
      vertex 50 7.468643411977614 19.133056403637596
      vertex -50 7.608452130361228 19.52786404500042
    endloop
  endfacet
  facet normal 0 -0.9588197348681927 0.28401534470392353
    outer loop
      vertex -50 7.608452130361228 19.52786404500042
      vertex 50 7.608452130361228 19.52786404500042
      vertex -50 7.7274066103125465 19.929447639179834
    endloop
  endfacet
  facet normal 0 -0.9723699203976767 0.23344536385590528
    outer loop
      vertex -50 7.7274066103125465 19.929447639179834
      vertex 50 7.7274066103125465 19.929447639179834
      vertex -50 7.8251808058704455 20.336706473457927
    endloop
  endfacet
  facet normal 0 -0.9832549075639545 0.1822355254921474
    outer loop
      vertex -50 7.8251808058704455 20.336706473457927
      vertex 50 7.8251808058704455 20.336706473457927
      vertex -50 7.901506724761102 20.748524279678154
    endloop
  endfacet
  facet normal 0 -0.9914448613738107 0.13052619222004982
    outer loop
      vertex -50 7.901506724761102 20.748524279678154
      vertex 50 7.901506724761102 20.748524279678154
      vertex -50 7.956175162946186 21.163772293858774
    endloop
  endfacet
  facet normal 0 -0.996917333733128 0.07845909572784518
    outer loop
      vertex -50 7.956175162946186 21.163772293858774
      vertex 50 7.956175162946186 21.163772293858774
      vertex -50 7.989036278036591 21.58131235005645
    endloop
  endfacet
  facet normal 0 -0.9996573249755573 0.02617694830787397
    outer loop
      vertex -50 7.989036278036591 21.58131235005645
      vertex 50 7.989036278036591 21.58131235005645
      vertex -50 8 22
    endloop
  endfacet
  facet normal 0 -0.9996573249755573 -0.02617694830787397
    outer loop
      vertex -50 8 22
      vertex 50 8 22
      vertex -50 7.989036278036591 22.41868764994355
    endloop
  endfacet
  facet normal 0 -0.996917333733128 -0.07845909572784518
    outer loop
      vertex -50 7.989036278036591 22.41868764994355
      vertex 50 7.989036278036591 22.41868764994355
      vertex -50 7.956175162946186 22.836227706141226
    endloop
  endfacet
  facet normal 0 -0.9914448613738107 -0.13052619222004982
    outer loop
      vertex -50 7.956175162946186 22.836227706141226
      vertex 50 7.956175162946186 22.836227706141226
      vertex -50 7.901506724761102 23.251475720321846
    endloop
  endfacet
  facet normal 0 -0.9832549075639545 -0.1822355254921474
    outer loop
      vertex -50 7.901506724761102 23.251475720321846
      vertex 50 7.901506724761102 23.251475720321846
      vertex -50 7.8251808058704455 23.663293526542073
    endloop
  endfacet
  facet normal 0 -0.942641491092179 -0.3338068592337692
    outer loop
      vertex -50 7.608452130361228 24.47213595499958
      vertex 50 7.608452130361228 24.47213595499958
      vertex -50 7.468643411977614 24.866943596362404
    endloop
  endfacet
  facet normal 0 -0.9723699203976767 -0.23344536385590528
    outer loop
      vertex -50 7.8251808058704455 23.663293526542073
      vertex 50 7.8251808058704455 23.663293526542073
      vertex -50 7.7274066103125465 24.070552360820166
    endloop
  endfacet
  facet normal 0 -0.9588197348681927 -0.28401534470392353
    outer loop
      vertex -50 7.608452130361228 24.47213595499958
      vertex -50 7.7274066103125465 24.070552360820166
      vertex 50 7.7274066103125465 24.070552360820166
    endloop
  endfacet
  facet normal 0 -0.9238795325112859 -0.382683432365092
    outer loop
      vertex -50 7.468643411977614 24.866943596362404
      vertex 50 7.468643411977614 24.866943596362404
      vertex -50 7.308363661140807 25.2538931446064
    endloop
  endfacet
  facet normal 0 -0.9025852843498612 -0.4305110968082941
    outer loop
      vertex -50 7.308363661140807 25.2538931446064
      vertex 50 7.308363661140807 25.2538931446064
      vertex -50 7.128052193506943 25.631923997916374
    endloop
  endfacet
  facet normal 0 0.8788171126619647 -0.4771587602596097
    outer loop
      vertex -50 8.910065241883679 17.460095002604533
      vertex -16 8.910065241883679 17.460095002604533
      vertex -16 8.660254037844386 17
    endloop
  endfacet
  facet normal 0 0.9025852843498605 -0.43051109680829536
    outer loop
      vertex -50 9.135454576426008 17.932633569241997
      vertex -16 9.135454576426008 17.932633569241997
      vertex -16 8.910065241883679 17.460095002604533
    endloop
  endfacet
  facet normal 0 0.9238795325112874 -0.3826834323650884
    outer loop
      vertex -50 9.335804264972017 18.416320504547
      vertex -16 9.335804264972017 18.416320504547
      vertex -16 9.135454576426008 17.932633569241997
    endloop
  endfacet
  facet normal 0 0.9426414910921789 -0.3338068592337695
    outer loop
      vertex -50 9.510565162951535 18.909830056250527
      vertex -16 9.510565162951535 18.909830056250527
      vertex -16 9.335804264972017 18.416320504547
    endloop
  endfacet
  facet normal 0 0.9588197348681925 -0.2840153447039243
    outer loop
      vertex -50 9.659258262890683 19.411809548974794
      vertex -16 9.659258262890683 19.411809548974794
      vertex -16 9.510565162951535 18.909830056250527
    endloop
  endfacet
  facet normal 0 0.9723699203976761 -0.2334453638559068
    outer loop
      vertex -50 9.781476007338057 19.920883091822407
      vertex -16 9.781476007338057 19.920883091822407
      vertex -16 9.659258262890683 19.411809548974794
    endloop
  endfacet
  facet normal 0 0.9832549075639542 -0.18223552549214903
    outer loop
      vertex -50 9.876883405951379 20.435655349597692
      vertex -16 9.876883405951379 20.435655349597692
      vertex -16 9.781476007338057 19.920883091822407
    endloop
  endfacet
  facet normal 0 0.9914448613738108 -0.130526192220049
    outer loop
      vertex -50 9.945218953682733 20.954715367323466
      vertex -16 9.945218953682733 20.954715367323466
      vertex -16 9.876883405951379 20.435655349597692
    endloop
  endfacet
  facet normal 0 0.9969173337331282 -0.07845909572784379
    outer loop
      vertex -50 9.986295347545738 21.476640437570563
      vertex -16 9.986295347545738 21.476640437570563
      vertex -16 9.945218953682733 20.954715367323466
    endloop
  endfacet
  facet normal 0 0.9996573249755574 -0.0261769483078744
    outer loop
      vertex -50 10 22
      vertex -16 10 22
      vertex -16 9.986295347545738 21.476640437570563
    endloop
  endfacet
  facet normal -1.6748371178945707e-17 0.9996573249755573 0.02617694830787331
    outer loop
      vertex -50 9.986295347545738 22.523359562429437
      vertex -16 9.986907039215406 22.5
      vertex -16 10 22
    endloop
  endfacet
  facet normal 0 0.996917333733128 0.07845909572784378
    outer loop
      vertex -50 9.986295347545738 22.523359562429437
      vertex -50 9.945218953682733 23.045284632676534
      vertex 50 9.945218953682733 23.045284632676534
    endloop
  endfacet
  facet normal 0 0.9914448613738107 0.13052619222004896
    outer loop
      vertex -50 9.945218953682733 23.045284632676534
      vertex -50 9.876883405951379 23.564344650402308
      vertex 50 9.876883405951379 23.564344650402308
    endloop
  endfacet
  facet normal 0 0.9832549075639543 0.18223552549214905
    outer loop
      vertex -50 9.876883405951379 23.564344650402308
      vertex -50 9.781476007338057 24.079116908177593
      vertex 50 9.781476007338057 24.079116908177593
    endloop
  endfacet
  facet normal 0 0.9723699203976762 0.2334453638559068
    outer loop
      vertex -50 9.781476007338057 24.079116908177593
      vertex -50 9.659258262890683 24.588190451025206
      vertex 50 9.659258262890683 24.588190451025206
    endloop
  endfacet
  facet normal 0 0.9588197348681925 0.2840153447039243
    outer loop
      vertex -50 9.659258262890683 24.588190451025206
      vertex -50 9.510565162951535 25.090169943749473
      vertex 50 9.510565162951535 25.090169943749473
    endloop
  endfacet
  facet normal 0 0.942641491092179 0.3338068592337695
    outer loop
      vertex -50 9.510565162951535 25.090169943749473
      vertex -50 9.335804264972017 25.583679495453
      vertex 50 9.335804264972017 25.583679495453
    endloop
  endfacet
  facet normal 0 0.9996573249755566 0.02617694830789767
    outer loop
      vertex -50 9.986295347545738 22.523359562429437
      vertex 50 9.986295347545738 22.523359562429437
      vertex -16 9.986907039215406 22.5
    endloop
  endfacet
  facet normal 0 -0.07845909572783875 -0.9969173337331285
    outer loop
      vertex -50 0.4186876499435507 29.98903627803659
      vertex -50 0.8362277061412278 29.956175162946188
      vertex 50 0.8362277061412278 29.956175162946188
    endloop
  endfacet
  facet normal 0 -0.13052619222005404 -0.9914448613738102
    outer loop
      vertex -50 0.8362277061412278 29.956175162946188
      vertex -50 1.251475720321847 29.901506724761102
      vertex 50 1.251475720321847 29.901506724761102
    endloop
  endfacet
  facet normal 0 -0.1822355254921473 -0.9832549075639545
    outer loop
      vertex -50 1.251475720321847 29.901506724761102
      vertex -50 1.6632935265420747 29.825180805870446
      vertex 50 1.6632935265420747 29.825180805870446
    endloop
  endfacet
  facet normal 0 -0.23344536385590803 -0.9723699203976761
    outer loop
      vertex -50 2.070552360820166 29.727406610312546
      vertex 50 2.070552360820166 29.727406610312546
      vertex -50 1.6632935265420747 29.825180805870446
    endloop
  endfacet
  facet normal 0 -0.5224985647159448 -0.8526401643540947
    outer loop
      vertex -50 4.357112280120217 28.709364543563392
      vertex 50 4.357112280120217 28.709364543563392
      vertex -50 4 28.928203230275507
    endloop
  endfacet
  facet normal 0 -0.3826834323650901 -0.9238795325112865
    outer loop
      vertex -50 2.866943596362402 29.468643411977613
      vertex -50 3.2538931446064017 29.308363661140806
      vertex 50 3.2538931446064017 29.308363661140806
    endloop
  endfacet
  facet normal 0 -0.2840153447039199 -0.9588197348681938
    outer loop
      vertex -50 2.070552360820166 29.727406610312546
      vertex -50 2.472135954999579 29.60845213036123
      vertex 50 2.472135954999579 29.60845213036123
    endloop
  endfacet
  facet normal 0 -0.33380685923377396 -0.9426414910921772
    outer loop
      vertex -50 2.866943596362402 29.468643411977613
      vertex 50 2.866943596362402 29.468643411977613
      vertex -50 2.472135954999579 29.60845213036123
    endloop
  endfacet
  facet normal 0 -0.4305110968082944 -0.902585284349861
    outer loop
      vertex -50 3.2538931446064017 29.308363661140806
      vertex -50 3.631923997916374 29.128052193506942
      vertex 50 3.631923997916374 29.128052193506942
    endloop
  endfacet
  facet normal 0 -0.477158760259611 -0.878817112661964
    outer loop
      vertex -50 4 28.928203230275507
      vertex 50 4 28.928203230275507
      vertex -50 3.631923997916374 29.128052193506942
    endloop
  endfacet
  facet normal 0 -0.7933533402912322 -0.6087614290087244
    outer loop
      vertex -50 6.47213595499958 26.702282018339787
      vertex 50 6.47213595499958 26.702282018339787
      vertex -50 6.217167691655767 27.0345631283987
    endloop
  endfacet
  facet normal 0 -0.7604059656000324 -0.649448048330182
    outer loop
      vertex -50 5.945158603819154 27.353044850870866
      vertex -50 6.217167691655767 27.0345631283987
      vertex 50 6.217167691655767 27.0345631283987
    endloop
  endfacet
  facet normal 0 -0.7253743710122873 -0.6883545756937545
    outer loop
      vertex -50 5.945158603819154 27.353044850870866
      vertex 50 5.945158603819154 27.353044850870866
      vertex -50 5.656854249492381 27.65685424949238
    endloop
  endfacet
  facet normal 0 -0.6883545756937522 -0.7253743710122893
    outer loop
      vertex -50 5.353044850870866 27.945158603819152
      vertex -50 5.656854249492381 27.65685424949238
      vertex 50 5.656854249492381 27.65685424949238
    endloop
  endfacet
  facet normal 0 -0.8788171126619649 -0.47715876025960935
    outer loop
      vertex -50 7.128052193506943 25.631923997916374
      vertex 50 7.128052193506943 25.631923997916374
      vertex -50 6.928203230275509 26
    endloop
  endfacet
  facet normal 0 -0.8526401643540922 -0.5224985647159488
    outer loop
      vertex -50 6.928203230275509 26
      vertex 50 6.928203230275509 26
      vertex -50 6.709364543563392 26.357112280120216
    endloop
  endfacet
  facet normal 0 -0.8241261886220178 -0.5664062369248297
    outer loop
      vertex -50 6.47213595499958 26.702282018339787
      vertex -50 6.709364543563392 26.357112280120216
      vertex 50 6.709364543563392 26.357112280120216
    endloop
  endfacet
  facet normal 0 0.8788171126619647 0.4771587602596097
    outer loop
      vertex -50 8.660254037844386 27
      vertex 50 8.660254037844386 27
      vertex -50 8.910065241883679 26.539904997395467
    endloop
  endfacet
  facet normal 0 0.8526401643540938 0.5224985647159462
    outer loop
      vertex -50 8.660254037844386 27
      vertex -50 8.386705679454241 27.44639035015027
      vertex 50 8.386705679454241 27.44639035015027
    endloop
  endfacet
  facet normal 0 0.8241261886220165 0.5664062369248317
    outer loop
      vertex -50 8.386705679454241 27.44639035015027
      vertex -50 8.090169943749475 27.877852522924734
      vertex 50 8.090169943749475 27.877852522924734
    endloop
  endfacet
  facet normal 0 -0.6494480483301854 -0.7604059656000294
    outer loop
      vertex -50 5.353044850870866 27.945158603819152
      vertex 50 5.353044850870866 27.945158603819152
      vertex -50 5.034563128398699 28.217167691655767
    endloop
  endfacet
  facet normal 0 -0.6087614290087213 -0.7933533402912346
    outer loop
      vertex -50 4.702282018339785 28.47213595499958
      vertex -50 5.034563128398699 28.217167691655767
      vertex 50 5.034563128398699 28.217167691655767
    endloop
  endfacet
  facet normal 0 -0.5664062369248327 -0.8241261886220157
    outer loop
      vertex -50 4.357112280120217 28.709364543563392
      vertex -50 4.702282018339785 28.47213595499958
      vertex 50 4.702282018339785 28.47213595499958
    endloop
  endfacet
  facet normal 0 0.6494480483301833 0.7604059656000313
    outer loop
      vertex -50 6.293203910498374 29.771459614569707
      vertex 50 6.691306063588582 29.43144825477394
      vertex -50 6.691306063588582 29.43144825477394
    endloop
  endfacet
  facet normal 0 0.608761429008722 0.7933533402912342
    outer loop
      vertex -50 6.293203910498374 29.771459614569707
      vertex -50 5.877852522924732 30.090169943749473
      vertex 50 6.293203910498374 29.771459614569707
    endloop
  endfacet
  facet normal 0 0.7604059656000327 0.6494480483301817
    outer loop
      vertex -50 7.431448254773942 28.691306063588584
      vertex 50 7.431448254773942 28.691306063588584
      vertex -50 7.771459614569709 28.293203910498374
    endloop
  endfacet
  facet normal 0 0.793353340291233 0.6087614290087237
    outer loop
      vertex -50 8.090169943749475 27.877852522924734
      vertex -50 7.771459614569709 28.293203910498374
      vertex 50 7.771459614569709 28.293203910498374
    endloop
  endfacet
  facet normal 0 0.6883545756937516 0.72537437101229
    outer loop
      vertex -50 7.0710678118654755 29.071067811865476
      vertex -50 6.691306063588582 29.43144825477394
      vertex 50 7.0710678118654755 29.071067811865476
    endloop
  endfacet
  facet normal 0 0.7253743710122867 0.6883545756937551
    outer loop
      vertex -50 7.431448254773942 28.691306063588584
      vertex -50 7.0710678118654755 29.071067811865476
      vertex 50 7.0710678118654755 29.071067811865476
    endloop
  endfacet
  facet normal 0 -0.026176948307876046 -0.9996573249755573
    outer loop
      vertex -50 0.4186876499435507 29.98903627803659
      vertex 50 0.4186876499435507 29.98903627803659
      vertex -50 0 30
    endloop
  endfacet
  facet normal 0 0.026176948307874346 0.9996573249755571
    outer loop
      vertex -50 0 32
      vertex 50 0.5233595624294384 31.986295347545738
      vertex -50 0.5233595624294384 31.986295347545738
    endloop
  endfacet
  facet normal 0 0.07845909572784379 0.996917333733128
    outer loop
      vertex -50 0.5233595624294384 31.986295347545738
      vertex 50 1.0452846326765348 31.945218953682733
      vertex -50 1.0452846326765348 31.945218953682733
    endloop
  endfacet
  facet normal 0 0.13052619222004908 0.9914448613738107
    outer loop
      vertex -50 1.0452846326765348 31.945218953682733
      vertex 50 1.5643446504023086 31.87688340595138
      vertex -50 1.5643446504023086 31.87688340595138
    endloop
  endfacet
  facet normal 0 0.1822355254921489 0.9832549075639543
    outer loop
      vertex -50 1.5643446504023086 31.87688340595138
      vertex 50 2.0791169081775935 31.781476007338057
      vertex -50 2.0791169081775935 31.781476007338057
    endloop
  endfacet
  facet normal 0 0.28401534470391826 0.9588197348681943
    outer loop
      vertex -50 2.5881904510252074 31.65925826289068
      vertex 50 3.090169943749474 31.510565162951536
      vertex -50 3.090169943749474 31.510565162951536
    endloop
  endfacet
  facet normal 0 0.23344536385590967 0.9723699203976756
    outer loop
      vertex -50 2.0791169081775935 31.781476007338057
      vertex 50 2.5881904510252074 31.65925826289068
      vertex -50 2.5881904510252074 31.65925826289068
    endloop
  endfacet
  facet normal 0 0.3338068592337695 0.942641491092179
    outer loop
      vertex -50 3.090169943749474 31.510565162951536
      vertex 50 3.5836794954530027 31.33580426497202
      vertex -50 3.5836794954530027 31.33580426497202
    endloop
  endfacet
  facet normal 0 0.38268343236509567 0.9238795325112844
    outer loop
      vertex -50 3.5836794954530027 31.33580426497202
      vertex 50 4.067366430758002 31.135454576426007
      vertex -50 4.067366430758002 31.135454576426007
    endloop
  endfacet
  facet normal 0 0.5224985647159462 0.8526401643540938
    outer loop
      vertex -50 5.446390350150271 30.38670567945424
      vertex -50 5 30.660254037844386
      vertex 50 5.446390350150271 30.38670567945424
    endloop
  endfacet
  facet normal 0 0.4771587602596097 0.8788171126619647
    outer loop
      vertex -50 4.5399049973954675 30.91006524188368
      vertex 50 5 30.660254037844386
      vertex -50 5 30.660254037844386
    endloop
  endfacet
  facet normal 0 0.430511096808292 0.9025852843498622
    outer loop
      vertex -50 4.067366430758002 31.135454576426007
      vertex 50 4.5399049973954675 30.91006524188368
      vertex -50 4.5399049973954675 30.91006524188368
    endloop
  endfacet
  facet normal 0 0.5664062369248355 0.8241261886220138
    outer loop
      vertex -50 5.446390350150271 30.38670567945424
      vertex 50 5.877852522924732 30.090169943749473
      vertex -50 5.877852522924732 30.090169943749473
    endloop
  endfacet
  facet normal 0 0.9238795325112873 0.3826834323650884
    outer loop
      vertex -50 9.335804264972017 25.583679495453
      vertex -50 9.135454576426008 26.067366430758003
      vertex 50 9.135454576426008 26.067366430758003
    endloop
  endfacet
  facet normal 0 0.9025852843498605 0.43051109680829536
    outer loop
      vertex -50 9.135454576426008 26.067366430758003
      vertex -50 8.910065241883679 26.539904997395467
      vertex 50 8.910065241883679 26.539904997395467
    endloop
  endfacet
  facet normal 0 -0.3826834323650899 -0.9238795325112867
    outer loop
      vertex 50 -4.067366430758002 12.864545423573992
      vertex 0 -4.067366430758002 12.864545423573992
      vertex 0 -3.5836794954530027 12.664195735027983
    endloop
  endfacet
  facet normal 0 -0.3338068592337695 -0.942641491092179
    outer loop
      vertex 50 -3.5836794954530027 12.664195735027983
      vertex 0 -3.5836794954530027 12.664195735027983
      vertex 0 -3.090169943749474 12.489434837048465
    endloop
  endfacet
  facet normal 0 -0.23344536385590647 -0.9723699203976763
    outer loop
      vertex 50 -2.5881904510252074 12.340741737109317
      vertex 0 -2.5881904510252074 12.340741737109317
      vertex 0 -2.0791169081775935 12.218523992661943
    endloop
  endfacet
  facet normal 0 -0.28401534470392453 -0.9588197348681925
    outer loop
      vertex 50 -3.090169943749474 12.489434837048465
      vertex 0 -3.090169943749474 12.489434837048465
      vertex 0 -2.5881904510252074 12.340741737109317
    endloop
  endfacet
  facet normal 0 -0.1822355254921489 -0.9832549075639543
    outer loop
      vertex 50 -2.0791169081775935 12.218523992661943
      vertex 0 -2.0791169081775935 12.218523992661943
      vertex 0 -1.5643446504023086 12.123116594048621
    endloop
  endfacet
  facet normal 0 -0.13052619222004908 -0.9914448613738107
    outer loop
      vertex 50 -1.5643446504023086 12.123116594048621
      vertex 0 -1.5643446504023086 12.123116594048621
      vertex 0 -1.0452846326765348 12.054781046317267
    endloop
  endfacet
  facet normal 0 -0.07845909572784379 -0.996917333733128
    outer loop
      vertex 50 -1.0452846326765348 12.054781046317267
      vertex 0 -1.0452846326765348 12.054781046317267
      vertex 0 -0.5233595624294384 12.013704652454262
    endloop
  endfacet
  facet normal 0 -0.026176948307874346 -0.9996573249755571
    outer loop
      vertex 50 -0.5233595624294384 12.013704652454262
      vertex 0 -0.5233595624294384 12.013704652454262
      vertex 0 0 12
    endloop
  endfacet
  facet normal 0 -0.6883545756937534 -0.7253743710122882
    outer loop
      vertex 50 -7.0710678118654755 14.928932188134524
      vertex 0 -7.0710678118654755 14.928932188134524
      vertex 0 -6.691306063588582 14.568551745226058
    endloop
  endfacet
  facet normal 0 -0.5664062369248333 -0.8241261886220154
    outer loop
      vertex 50 -5.877852522924732 13.909830056250525
      vertex 0 -5.877852522924732 13.909830056250525
      vertex 0 -5.446390350150271 13.613294320545759
    endloop
  endfacet
  facet normal 0 -0.43051109680829475 -0.9025852843498609
    outer loop
      vertex 50 -4.5399049973954675 13.089934758116321
      vertex 0 -4.5399049973954675 13.089934758116321
      vertex 0 -4.067366430758002 12.864545423573992
    endloop
  endfacet
  facet normal 0 -0.4771587602596097 -0.8788171126619647
    outer loop
      vertex 50 -5 13.339745962155614
      vertex 0 -5 13.339745962155614
      vertex 0 -4.5399049973954675 13.089934758116321
    endloop
  endfacet
  facet normal 0 -0.5224985647159462 -0.8526401643540938
    outer loop
      vertex 50 -5.446390350150271 13.613294320545759
      vertex 0 -5.446390350150271 13.613294320545759
      vertex 0 -5 13.339745962155614
    endloop
  endfacet
  facet normal 0 -0.608761429008722 -0.7933533402912342
    outer loop
      vertex 50 -6.293203910498374 14.228540385430291
      vertex 0 -6.293203910498374 14.228540385430291
      vertex 0 -5.877852522924732 13.909830056250525
    endloop
  endfacet
  facet normal 0 -0.6494480483301833 -0.7604059656000313
    outer loop
      vertex 50 -6.691306063588582 14.568551745226058
      vertex 0 -6.691306063588582 14.568551745226058
      vertex 0 -6.293203910498374 14.228540385430291
    endloop
  endfacet
  facet normal 0 -0.7604059656000313 -0.6494480483301833
    outer loop
      vertex 50 -7.771459614569709 15.706796089501626
      vertex 0 -7.771459614569709 15.706796089501626
      vertex 0 -7.431448254773942 15.308693936411418
    endloop
  endfacet
  facet normal 0 -0.793353340291233 -0.6087614290087237
    outer loop
      vertex 50 -8.090169943749475 16.122147477075266
      vertex 0 -8.090169943749475 16.122147477075266
      vertex 0 -7.771459614569709 15.706796089501626
    endloop
  endfacet
  facet normal 0 -0.7253743710122882 -0.6883545756937534
    outer loop
      vertex 50 -7.431448254773942 15.308693936411418
      vertex 0 -7.431448254773942 15.308693936411418
      vertex 0 -7.0710678118654755 14.928932188134524
    endloop
  endfacet
  facet normal 0 -0.8241261886220165 -0.5664062369248317
    outer loop
      vertex 50 -8.386705679454241 16.55360964984973
      vertex 0 -8.386705679454241 16.55360964984973
      vertex 0 -8.090169943749475 16.122147477075266
    endloop
  endfacet
  facet normal 0 -0.8526401643540938 -0.5224985647159462
    outer loop
      vertex 50 -8.660254037844386 17
      vertex 0 -8.660254037844386 17
      vertex 0 -8.386705679454241 16.55360964984973
    endloop
  endfacet
  facet normal 0 0.5664062369248327 0.8241261886220157
    outer loop
      vertex -50 -4.357112280120217 15.290635456436608
      vertex 50 -4.702282018339785 15.52786404500042
      vertex 50 -4.357112280120217 15.290635456436608
    endloop
  endfacet
  facet normal 0 0.6494480483301854 0.7604059656000294
    outer loop
      vertex -50 -5.034563128398699 15.782832308344233
      vertex 50 -5.353044850870866 16.054841396180848
      vertex 50 -5.034563128398699 15.782832308344233
    endloop
  endfacet
  facet normal 0 0.6087614290087213 0.7933533402912346
    outer loop
      vertex -50 -4.702282018339785 15.52786404500042
      vertex 50 -5.034563128398699 15.782832308344233
      vertex 50 -4.702282018339785 15.52786404500042
    endloop
  endfacet
  facet normal 0 0.7253743710122873 0.6883545756937545
    outer loop
      vertex -50 -5.656854249492381 16.34314575050762
      vertex 50 -5.945158603819154 16.646955149129134
      vertex 50 -5.656854249492381 16.34314575050762
    endloop
  endfacet
  facet normal 0 0.7604059656000324 0.649448048330182
    outer loop
      vertex -50 -5.945158603819154 16.646955149129134
      vertex 50 -6.217167691655767 16.9654368716013
      vertex 50 -5.945158603819154 16.646955149129134
    endloop
  endfacet
  facet normal 0 0.7933533402912322 0.6087614290087244
    outer loop
      vertex -50 -6.217167691655767 16.9654368716013
      vertex 50 -6.47213595499958 17.297717981660213
      vertex 50 -6.217167691655767 16.9654368716013
    endloop
  endfacet
  facet normal 0 0.6883545756937522 0.7253743710122893
    outer loop
      vertex -50 -5.353044850870866 16.054841396180848
      vertex 50 -5.656854249492381 16.34314575050762
      vertex 50 -5.353044850870866 16.054841396180848
    endloop
  endfacet
  facet normal 0 0.47715876025960774 0.8788171126619658
    outer loop
      vertex -50 -3.631923997916374 14.871947806493058
      vertex 50 -4 15.071796769724491
      vertex 50 -3.631923997916374 14.871947806493058
    endloop
  endfacet
  facet normal 0 0.4305110968082944 0.902585284349861
    outer loop
      vertex -50 -3.2538931446064017 14.691636338859194
      vertex 50 -3.631923997916374 14.871947806493058
      vertex 50 -3.2538931446064017 14.691636338859194
    endloop
  endfacet
  facet normal 0 0.33380685923377396 0.9426414910921772
    outer loop
      vertex -50 -2.472135954999579 14.39154786963877
      vertex 50 -2.866943596362402 14.531356588022387
      vertex 50 -2.472135954999579 14.39154786963877
    endloop
  endfacet
  facet normal 0 0.2840153447039199 0.9588197348681938
    outer loop
      vertex -50 -2.070552360820166 14.272593389687454
      vertex 50 -2.472135954999579 14.39154786963877
      vertex 50 -2.070552360820166 14.272593389687454
    endloop
  endfacet
  facet normal 0 0.3826834323650901 0.9238795325112865
    outer loop
      vertex -50 -2.866943596362402 14.531356588022387
      vertex 50 -3.2538931446064017 14.691636338859194
      vertex 50 -2.866943596362402 14.531356588022387
    endloop
  endfacet
  facet normal 0 0.23344536385590803 0.9723699203976761
    outer loop
      vertex -50 -1.6632935265420747 14.174819194129554
      vertex 50 -2.070552360820166 14.272593389687454
      vertex 50 -1.6632935265420747 14.174819194129554
    endloop
  endfacet
  facet normal 0 0.1822355254921473 0.9832549075639545
    outer loop
      vertex -50 -1.251475720321847 14.098493275238898
      vertex 50 -1.6632935265420747 14.174819194129554
      vertex 50 -1.251475720321847 14.098493275238898
    endloop
  endfacet
  facet normal 0 0.13052619222004988 0.9914448613738107
    outer loop
      vertex -50 -0.8362277061412278 14.043824837053814
      vertex 50 -1.251475720321847 14.098493275238898
      vertex 50 -0.8362277061412278 14.043824837053814
    endloop
  endfacet
  facet normal 0 0.07845909572784297 0.9969173337331282
    outer loop
      vertex -50 -0.4186876499435507 14.01096372196341
      vertex 50 -0.8362277061412278 14.043824837053814
      vertex 50 -0.4186876499435507 14.01096372196341
    endloop
  endfacet
  facet normal 0 0.026176948307876046 0.9996573249755573
    outer loop
      vertex -50 0 14
      vertex 50 -0.4186876499435507 14.01096372196341
      vertex 50 0 14
    endloop
  endfacet
  facet normal 0 0.5224985647159479 0.8526401643540928
    outer loop
      vertex -50 -4 15.071796769724491
      vertex 50 -4.357112280120217 15.290635456436608
      vertex 50 -4 15.071796769724491
    endloop
  endfacet
  facet normal 0 -0.3826834323650899 -0.9238795325112867
    outer loop
      vertex 50 -4.067366430758002 12.864545423573992
      vertex 0 -3.5836794954530027 12.664195735027983
      vertex 50 -3.5836794954530027 12.664195735027983
    endloop
  endfacet
  facet normal 0 -0.23344536385590647 -0.9723699203976763
    outer loop
      vertex 50 -2.5881904510252074 12.340741737109317
      vertex 0 -2.0791169081775935 12.218523992661943
      vertex 50 -2.0791169081775935 12.218523992661943
    endloop
  endfacet
  facet normal 0 -0.3338068592337695 -0.942641491092179
    outer loop
      vertex 50 -3.5836794954530027 12.664195735027983
      vertex 0 -3.090169943749474 12.489434837048465
      vertex 50 -3.090169943749474 12.489434837048465
    endloop
  endfacet
  facet normal 0 -0.28401534470392453 -0.9588197348681925
    outer loop
      vertex 50 -3.090169943749474 12.489434837048465
      vertex 0 -2.5881904510252074 12.340741737109317
      vertex 50 -2.5881904510252074 12.340741737109317
    endloop
  endfacet
  facet normal 0 -0.1822355254921489 -0.9832549075639543
    outer loop
      vertex 50 -2.0791169081775935 12.218523992661943
      vertex 0 -1.5643446504023086 12.123116594048621
      vertex 50 -1.5643446504023086 12.123116594048621
    endloop
  endfacet
  facet normal 0 -0.13052619222004908 -0.9914448613738107
    outer loop
      vertex 50 -1.5643446504023086 12.123116594048621
      vertex 0 -1.0452846326765348 12.054781046317267
      vertex 50 -1.0452846326765348 12.054781046317267
    endloop
  endfacet
  facet normal 0 -0.07845909572784379 -0.996917333733128
    outer loop
      vertex 50 -1.0452846326765348 12.054781046317267
      vertex 0 -0.5233595624294384 12.013704652454262
      vertex 50 -0.5233595624294384 12.013704652454262
    endloop
  endfacet
  facet normal 0 -0.026176948307874346 -0.9996573249755571
    outer loop
      vertex 50 -0.5233595624294384 12.013704652454262
      vertex 0 0 12
      vertex 50 0 12
    endloop
  endfacet
  facet normal 0 -0.6883545756937534 -0.7253743710122882
    outer loop
      vertex 50 -6.691306063588582 14.568551745226058
      vertex 50 -7.0710678118654755 14.928932188134524
      vertex 0 -6.691306063588582 14.568551745226058
    endloop
  endfacet
  facet normal 0 -0.5664062369248333 -0.8241261886220154
    outer loop
      vertex 50 -5.877852522924732 13.909830056250525
      vertex 0 -5.446390350150271 13.613294320545759
      vertex 50 -5.446390350150271 13.613294320545759
    endloop
  endfacet
  facet normal 0 -0.4771587602596097 -0.8788171126619647
    outer loop
      vertex 50 -5 13.339745962155614
      vertex 0 -4.5399049973954675 13.089934758116321
      vertex 50 -4.5399049973954675 13.089934758116321
    endloop
  endfacet
  facet normal 0 -0.5224985647159462 -0.8526401643540938
    outer loop
      vertex 50 -5 13.339745962155614
      vertex 50 -5.446390350150271 13.613294320545759
      vertex 0 -5 13.339745962155614
    endloop
  endfacet
  facet normal 0 -0.608761429008722 -0.7933533402912342
    outer loop
      vertex 50 -5.877852522924732 13.909830056250525
      vertex 50 -6.293203910498374 14.228540385430291
      vertex 0 -5.877852522924732 13.909830056250525
    endloop
  endfacet
  facet normal 0 -0.6494480483301833 -0.7604059656000313
    outer loop
      vertex 50 -6.691306063588582 14.568551745226058
      vertex 0 -6.293203910498374 14.228540385430291
      vertex 50 -6.293203910498374 14.228540385430291
    endloop
  endfacet
  facet normal 0 -0.793353340291233 -0.6087614290087237
    outer loop
      vertex 50 -7.771459614569709 15.706796089501626
      vertex 50 -8.090169943749475 16.122147477075266
      vertex 0 -7.771459614569709 15.706796089501626
    endloop
  endfacet
  facet normal 0 -0.7253743710122882 -0.6883545756937534
    outer loop
      vertex 50 -7.0710678118654755 14.928932188134524
      vertex 50 -7.431448254773942 15.308693936411418
      vertex 0 -7.0710678118654755 14.928932188134524
    endloop
  endfacet
  facet normal 0 -0.7604059656000313 -0.6494480483301833
    outer loop
      vertex 50 -7.771459614569709 15.706796089501626
      vertex 0 -7.431448254773942 15.308693936411418
      vertex 50 -7.431448254773942 15.308693936411418
    endloop
  endfacet
  facet normal 0 -0.8241261886220165 -0.5664062369248317
    outer loop
      vertex 50 -8.090169943749475 16.122147477075266
      vertex 50 -8.386705679454241 16.55360964984973
      vertex 0 -8.090169943749475 16.122147477075266
    endloop
  endfacet
  facet normal 0 -0.8526401643540938 -0.5224985647159462
    outer loop
      vertex 50 -8.386705679454241 16.55360964984973
      vertex 50 -8.660254037844386 17
      vertex 0 -8.386705679454241 16.55360964984973
    endloop
  endfacet
  facet normal 0 -0.43051109680829475 -0.9025852843498609
    outer loop
      vertex 50 -4.5399049973954675 13.089934758116321
      vertex 0 -4.067366430758002 12.864545423573992
      vertex 50 -4.067366430758002 12.864545423573992
    endloop
  endfacet
  facet normal 1 0 0
    outer loop
      vertex 50 -4.067366430758002 12.864545423573992
      vertex 50 -3.5836794954530027 12.664195735027983
      vertex 50 4.067366430758002 12.864545423573992
    endloop
  endfacet
  facet normal 1 0 0
    outer loop
      vertex 50 -2.5881904510252074 12.340741737109317
      vertex 50 -2.0791169081775935 12.218523992661943
      vertex 50 2.5881904510252074 12.340741737109317
    endloop
  endfacet
  facet normal 1 0 0
    outer loop
      vertex 50 -1.0452846326765348 12.054781046317267
      vertex 50 -0.5233595624294384 12.013704652454262
      vertex 50 1.0452846326765348 12.054781046317267
    endloop
  endfacet
  facet normal 1 0 0
    outer loop
      vertex 50 -1.5643446504023086 12.123116594048621
      vertex 50 -1.0452846326765348 12.054781046317267
      vertex 50 1.5643446504023086 12.123116594048621
    endloop
  endfacet
  facet normal 1 0 0
    outer loop
      vertex 50 -2.0791169081775935 12.218523992661943
      vertex 50 -1.5643446504023086 12.123116594048621
      vertex 50 2.0791169081775935 12.218523992661943
    endloop
  endfacet
  facet normal 1 0 0
    outer loop
      vertex 50 -3.090169943749474 12.489434837048465
      vertex 50 -2.5881904510252074 12.340741737109317
      vertex 50 3.090169943749474 12.489434837048465
    endloop
  endfacet
  facet normal 1 0 0
    outer loop
      vertex 50 -3.5836794954530027 12.664195735027983
      vertex 50 -3.090169943749474 12.489434837048465
      vertex 50 3.5836794954530027 12.664195735027983
    endloop
  endfacet
  facet normal 1 0 0
    outer loop
      vertex 50 -6.691306063588582 14.568551745226058
      vertex 50 -4 15.071796769724491
      vertex 50 -7.0710678118654755 14.928932188134524
    endloop
  endfacet
  facet normal 1 0 0
    outer loop
      vertex 50 -5.877852522924732 13.909830056250525
      vertex 50 -2.070552360820166 14.272593389687454
      vertex 50 -6.293203910498374 14.228540385430291
    endloop
  endfacet
  facet normal 1 0 0
    outer loop
      vertex 50 -6.691306063588582 14.568551745226058
      vertex 50 -6.293203910498374 14.228540385430291
      vertex 50 -3.2538931446064017 14.691636338859194
    endloop
  endfacet
  facet normal 1 0 0
    outer loop
      vertex 50 -6.691306063588582 14.568551745226058
      vertex 50 -3.2538931446064017 14.691636338859194
      vertex 50 -3.631923997916374 14.871947806493058
    endloop
  endfacet
  facet normal 1 0 0
    outer loop
      vertex 50 -6.691306063588582 14.568551745226058
      vertex 50 -3.631923997916374 14.871947806493058
      vertex 50 -4 15.071796769724491
    endloop
  endfacet
  facet normal 1 0 0
    outer loop
      vertex 50 -7.771459614569709 15.706796089501626
      vertex 50 -5.656854249492381 16.34314575050762
      vertex 50 -8.090169943749475 16.122147477075266
    endloop
  endfacet
  facet normal 1 0 0
    outer loop
      vertex 50 -7.771459614569709 15.706796089501626
      vertex 50 -7.431448254773942 15.308693936411418
      vertex 50 -5.034563128398699 15.782832308344233
    endloop
  endfacet
  facet normal 1 0 0
    outer loop
      vertex 50 -8.386705679454241 16.55360964984973
      vertex 50 -6.47213595499958 17.297717981660213
      vertex 50 -8.660254037844386 17
    endloop
  endfacet
  facet normal 1 0 0
    outer loop
      vertex 50 -8.090169943749475 16.122147477075266
      vertex 50 -5.945158603819154 16.646955149129134
      vertex 50 -8.386705679454241 16.55360964984973
    endloop
  endfacet
  facet normal 1 0 0
    outer loop
      vertex 50 -8.090169943749475 16.122147477075266
      vertex 50 -5.656854249492381 16.34314575050762
      vertex 50 -5.945158603819154 16.646955149129134
    endloop
  endfacet
  facet normal 1 0 0
    outer loop
      vertex 50 -8.386705679454241 16.55360964984973
      vertex 50 -5.945158603819154 16.646955149129134
      vertex 50 -6.217167691655767 16.9654368716013
    endloop
  endfacet
  facet normal 1 0 0
    outer loop
      vertex 50 -8.386705679454241 16.55360964984973
      vertex 50 -6.217167691655767 16.9654368716013
      vertex 50 -6.47213595499958 17.297717981660213
    endloop
  endfacet
  facet normal 1 0 0
    outer loop
      vertex 50 -7.0710678118654755 14.928932188134524
      vertex 50 -4.702282018339785 15.52786404500042
      vertex 50 -7.431448254773942 15.308693936411418
    endloop
  endfacet
  facet normal 1 0 0
    outer loop
      vertex 50 -7.771459614569709 15.706796089501626
      vertex 50 -5.034563128398699 15.782832308344233
      vertex 50 -5.353044850870866 16.054841396180848
    endloop
  endfacet
  facet normal 1 0 0
    outer loop
      vertex 50 -7.771459614569709 15.706796089501626
      vertex 50 -5.353044850870866 16.054841396180848
      vertex 50 -5.656854249492381 16.34314575050762
    endloop
  endfacet
  facet normal 1 0 0
    outer loop
      vertex 50 -7.431448254773942 15.308693936411418
      vertex 50 -4.702282018339785 15.52786404500042
      vertex 50 -5.034563128398699 15.782832308344233
    endloop
  endfacet
  facet normal 1 0 0
    outer loop
      vertex 50 -7.0710678118654755 14.928932188134524
      vertex 50 -4.357112280120217 15.290635456436608
      vertex 50 -4.702282018339785 15.52786404500042
    endloop
  endfacet
  facet normal 1 0 0
    outer loop
      vertex 50 -7.0710678118654755 14.928932188134524
      vertex 50 -4 15.071796769724491
      vertex 50 -4.357112280120217 15.290635456436608
    endloop
  endfacet
  facet normal 1 0 0
    outer loop
      vertex 50 -6.293203910498374 14.228540385430291
      vertex 50 -2.472135954999579 14.39154786963877
      vertex 50 -2.866943596362402 14.531356588022387
    endloop
  endfacet
  facet normal 1 0 0
    outer loop
      vertex 50 -6.293203910498374 14.228540385430291
      vertex 50 -2.070552360820166 14.272593389687454
      vertex 50 -2.472135954999579 14.39154786963877
    endloop
  endfacet
  facet normal 1 0 0
    outer loop
      vertex 50 -6.293203910498374 14.228540385430291
      vertex 50 -2.866943596362402 14.531356588022387
      vertex 50 -3.2538931446064017 14.691636338859194
    endloop
  endfacet
  facet normal 1 0 0
    outer loop
      vertex 50 -5.877852522924732 13.909830056250525
      vertex 50 -1.6632935265420747 14.174819194129554
      vertex 50 -2.070552360820166 14.272593389687454
    endloop
  endfacet
  facet normal 1 0 0
    outer loop
      vertex 50 -5.877852522924732 13.909830056250525
      vertex 50 -1.251475720321847 14.098493275238898
      vertex 50 -1.6632935265420747 14.174819194129554
    endloop
  endfacet
  facet normal 1 0 0
    outer loop
      vertex 50 -5.877852522924732 13.909830056250525
      vertex 50 -0.8362277061412278 14.043824837053814
      vertex 50 -1.251475720321847 14.098493275238898
    endloop
  endfacet
  facet normal 1 0 0
    outer loop
      vertex 50 -5.877852522924732 13.909830056250525
      vertex 50 -0.4186876499435507 14.01096372196341
      vertex 50 -0.8362277061412278 14.043824837053814
    endloop
  endfacet
  facet normal 1 0 0
    outer loop
      vertex 50 -4.5399049973954675 13.089934758116321
      vertex 50 -4.067366430758002 12.864545423573992
      vertex 50 4.5399049973954675 13.089934758116321
    endloop
  endfacet
  facet normal 1 0 0
    outer loop
      vertex 50 -5 13.339745962155614
      vertex 50 -4.5399049973954675 13.089934758116321
      vertex 50 5 13.339745962155614
    endloop
  endfacet
  facet normal 1 0 0
    outer loop
      vertex 50 -5 13.339745962155614
      vertex 50 5.446390350150271 13.613294320545759
      vertex 50 -5.446390350150271 13.613294320545759
    endloop
  endfacet
  facet normal 1 0 0
    outer loop
      vertex 50 -5.877852522924732 13.909830056250525
      vertex 50 -5.446390350150271 13.613294320545759
      vertex 50 5.877852522924732 13.909830056250525
    endloop
  endfacet
  facet normal 1 0 0
    outer loop
      vertex 50 -5.877852522924732 13.909830056250525
      vertex 50 0 14
      vertex 50 -0.4186876499435507 14.01096372196341
    endloop
  endfacet
  facet normal 0 -0.9996573249755566 0.026176948307897668
    outer loop
      vertex 50 -9.986295347545738 22.523359562429437
      vertex -16 -9.986907039215406 22.5
      vertex 0 -9.986907039215406 22.5
    endloop
  endfacet
  facet normal 0 -0.8788171126619647 -0.4771587602596097
    outer loop
      vertex 50 -8.910065241883679 17.460095002604533
      vertex 0 -8.910065241883679 17.460095002604533
      vertex 0 -8.660254037844386 17
    endloop
  endfacet
  facet normal 0 -0.9025852843498605 -0.43051109680829536
    outer loop
      vertex 50 -9.135454576426008 17.932633569241997
      vertex 0 -9.135454576426008 17.932633569241997
      vertex 0 -8.910065241883679 17.460095002604533
    endloop
  endfacet
  facet normal 0 -0.9238795325112873 -0.3826834323650884
    outer loop
      vertex 50 -9.335804264972017 18.416320504547
      vertex 0 -9.335804264972017 18.416320504547
      vertex 0 -9.135454576426008 17.932633569241997
    endloop
  endfacet
  facet normal 0 -0.942641491092179 -0.3338068592337695
    outer loop
      vertex 50 -9.510565162951535 18.909830056250527
      vertex 0 -9.510565162951535 18.909830056250527
      vertex 0 -9.335804264972017 18.416320504547
    endloop
  endfacet
  facet normal 0 -0.9588197348681925 -0.2840153447039243
    outer loop
      vertex 50 -9.659258262890683 19.411809548974794
      vertex 0 -9.659258262890683 19.411809548974794
      vertex 0 -9.510565162951535 18.909830056250527
    endloop
  endfacet
  facet normal 0 -0.9832549075639543 -0.18223552549214905
    outer loop
      vertex 50 -9.876883405951379 20.435655349597692
      vertex 0 -9.876883405951379 20.435655349597692
      vertex 0 -9.781476007338057 19.920883091822407
    endloop
  endfacet
  facet normal 0 -0.9723699203976762 -0.2334453638559068
    outer loop
      vertex 50 -9.781476007338057 19.920883091822407
      vertex 0 -9.781476007338057 19.920883091822407
      vertex 0 -9.659258262890683 19.411809548974794
    endloop
  endfacet
  facet normal 0 -0.9914448613738107 -0.13052619222004896
    outer loop
      vertex 50 -9.945218953682733 20.954715367323466
      vertex 0 -9.945218953682733 20.954715367323466
      vertex 0 -9.876883405951379 20.435655349597692
    endloop
  endfacet
  facet normal 0 -0.996917333733128 -0.07845909572784378
    outer loop
      vertex 50 -9.986295347545738 21.476640437570563
      vertex 0 -9.986295347545738 21.476640437570563
      vertex 0 -9.945218953682733 20.954715367323466
    endloop
  endfacet
  facet normal 0 -0.9996573249755573 -0.026176948307874398
    outer loop
      vertex 50 -10 22
      vertex 0 -10 22
      vertex 0 -9.986295347545738 21.476640437570563
    endloop
  endfacet
  facet normal 1.1388892401683081e-17 -0.9996573249755573 0.02617694830787331
    outer loop
      vertex 50 -9.986295347545738 22.523359562429437
      vertex 0 -9.986907039215406 22.5
      vertex 0 -10 22
    endloop
  endfacet
  facet normal 0 -0.996917333733128 0.07845909572784378
    outer loop
      vertex -50 -9.945218953682733 23.045284632676534
      vertex 50 -9.986295347545738 22.523359562429437
      vertex 50 -9.945218953682733 23.045284632676534
    endloop
  endfacet
  facet normal 0 -0.9914448613738107 0.13052619222004896
    outer loop
      vertex -50 -9.876883405951379 23.564344650402308
      vertex 50 -9.945218953682733 23.045284632676534
      vertex 50 -9.876883405951379 23.564344650402308
    endloop
  endfacet
  facet normal 0 -0.9832549075639543 0.18223552549214905
    outer loop
      vertex -50 -9.781476007338057 24.079116908177593
      vertex 50 -9.876883405951379 23.564344650402308
      vertex 50 -9.781476007338057 24.079116908177593
    endloop
  endfacet
  facet normal 0 -0.9723699203976762 0.2334453638559068
    outer loop
      vertex -50 -9.659258262890683 24.588190451025206
      vertex 50 -9.781476007338057 24.079116908177593
      vertex 50 -9.659258262890683 24.588190451025206
    endloop
  endfacet
  facet normal 0 -0.9588197348681925 0.2840153447039243
    outer loop
      vertex -50 -9.510565162951535 25.090169943749473
      vertex 50 -9.659258262890683 24.588190451025206
      vertex 50 -9.510565162951535 25.090169943749473
    endloop
  endfacet
  facet normal 0 -0.942641491092179 0.3338068592337695
    outer loop
      vertex -50 -9.335804264972017 25.583679495453
      vertex 50 -9.510565162951535 25.090169943749473
      vertex 50 -9.335804264972017 25.583679495453
    endloop
  endfacet
  facet normal 0 0.8526401643540922 0.5224985647159488
    outer loop
      vertex -50 -6.709364543563392 17.642887719879784
      vertex 50 -6.928203230275509 18
      vertex 50 -6.709364543563392 17.642887719879784
    endloop
  endfacet
  facet normal 0 0.8788171126619649 0.47715876025960935
    outer loop
      vertex -50 -6.928203230275509 18
      vertex 50 -7.128052193506943 18.368076002083626
      vertex 50 -6.928203230275509 18
    endloop
  endfacet
  facet normal 0 0.9025852843498612 0.4305110968082941
    outer loop
      vertex -50 -7.128052193506943 18.368076002083626
      vertex 50 -7.308363661140807 18.7461068553936
      vertex 50 -7.128052193506943 18.368076002083626
    endloop
  endfacet
  facet normal 0 0.9238795325112859 0.382683432365092
    outer loop
      vertex -50 -7.308363661140807 18.7461068553936
      vertex 50 -7.468643411977614 19.133056403637596
      vertex 50 -7.308363661140807 18.7461068553936
    endloop
  endfacet
  facet normal 0 0.942641491092179 0.3338068592337692
    outer loop
      vertex -50 -7.468643411977614 19.133056403637596
      vertex 50 -7.608452130361228 19.52786404500042
      vertex 50 -7.468643411977614 19.133056403637596
    endloop
  endfacet
  facet normal 0 0.8241261886220178 0.5664062369248297
    outer loop
      vertex -50 -6.47213595499958 17.297717981660213
      vertex 50 -6.709364543563392 17.642887719879784
      vertex 50 -6.47213595499958 17.297717981660213
    endloop
  endfacet
  facet normal 0 0.9723699203976767 0.23344536385590528
    outer loop
      vertex -50 -7.7274066103125465 19.929447639179834
      vertex 50 -7.8251808058704455 20.336706473457927
      vertex 50 -7.7274066103125465 19.929447639179834
    endloop
  endfacet
  facet normal 0 0.9588197348681927 0.28401534470392353
    outer loop
      vertex -50 -7.608452130361228 19.52786404500042
      vertex 50 -7.7274066103125465 19.929447639179834
      vertex 50 -7.608452130361228 19.52786404500042
    endloop
  endfacet
  facet normal 0 0.9832549075639545 0.1822355254921474
    outer loop
      vertex -50 -7.8251808058704455 20.336706473457927
      vertex 50 -7.901506724761102 20.748524279678154
      vertex 50 -7.8251808058704455 20.336706473457927
    endloop
  endfacet
  facet normal 0 0.9914448613738107 0.13052619222004982
    outer loop
      vertex -50 -7.901506724761102 20.748524279678154
      vertex 50 -7.956175162946186 21.163772293858774
      vertex 50 -7.901506724761102 20.748524279678154
    endloop
  endfacet
  facet normal 0 0.996917333733128 0.07845909572784518
    outer loop
      vertex -50 -7.956175162946186 21.163772293858774
      vertex 50 -7.989036278036591 21.58131235005645
      vertex 50 -7.956175162946186 21.163772293858774
    endloop
  endfacet
  facet normal 0 0.9996573249755573 0.02617694830787397
    outer loop
      vertex -50 -7.989036278036591 21.58131235005645
      vertex 50 -8 22
      vertex 50 -7.989036278036591 21.58131235005645
    endloop
  endfacet
  facet normal 0 0.9996573249755573 -0.02617694830787397
    outer loop
      vertex -50 -8 22
      vertex 50 -7.989036278036591 22.41868764994355
      vertex 50 -8 22
    endloop
  endfacet
  facet normal 0 0.996917333733128 -0.07845909572784518
    outer loop
      vertex -50 -7.989036278036591 22.41868764994355
      vertex 50 -7.956175162946186 22.836227706141226
      vertex 50 -7.989036278036591 22.41868764994355
    endloop
  endfacet
  facet normal 0 0.9914448613738107 -0.13052619222004982
    outer loop
      vertex -50 -7.956175162946186 22.836227706141226
      vertex 50 -7.901506724761102 23.251475720321846
      vertex 50 -7.956175162946186 22.836227706141226
    endloop
  endfacet
  facet normal 0 0.9832549075639545 -0.1822355254921474
    outer loop
      vertex -50 -7.901506724761102 23.251475720321846
      vertex 50 -7.8251808058704455 23.663293526542073
      vertex 50 -7.901506724761102 23.251475720321846
    endloop
  endfacet
  facet normal 0 0.9723699203976767 -0.23344536385590528
    outer loop
      vertex -50 -7.8251808058704455 23.663293526542073
      vertex 50 -7.7274066103125465 24.070552360820166
      vertex 50 -7.8251808058704455 23.663293526542073
    endloop
  endfacet
  facet normal 0 0.9588197348681927 -0.28401534470392353
    outer loop
      vertex -50 -7.7274066103125465 24.070552360820166
      vertex 50 -7.608452130361228 24.47213595499958
      vertex 50 -7.7274066103125465 24.070552360820166
    endloop
  endfacet
  facet normal 0 0.942641491092179 -0.3338068592337692
    outer loop
      vertex -50 -7.608452130361228 24.47213595499958
      vertex 50 -7.468643411977614 24.866943596362404
      vertex 50 -7.608452130361228 24.47213595499958
    endloop
  endfacet
  facet normal 0 0.9238795325112859 -0.382683432365092
    outer loop
      vertex -50 -7.468643411977614 24.866943596362404
      vertex 50 -7.308363661140807 25.2538931446064
      vertex 50 -7.468643411977614 24.866943596362404
    endloop
  endfacet
  facet normal 0 0.9025852843498612 -0.4305110968082941
    outer loop
      vertex -50 -7.308363661140807 25.2538931446064
      vertex 50 -7.128052193506943 25.631923997916374
      vertex 50 -7.308363661140807 25.2538931446064
    endloop
  endfacet
  facet normal 0 -0.9238795325112873 0.3826834323650884
    outer loop
      vertex -50 -9.135454576426008 26.067366430758003
      vertex 50 -9.335804264972017 25.583679495453
      vertex 50 -9.135454576426008 26.067366430758003
    endloop
  endfacet
  facet normal 0 -0.9025852843498605 0.43051109680829536
    outer loop
      vertex -50 -8.910065241883679 26.539904997395467
      vertex 50 -9.135454576426008 26.067366430758003
      vertex 50 -8.910065241883679 26.539904997395467
    endloop
  endfacet
  facet normal 0 0.8788171126619649 -0.47715876025960935
    outer loop
      vertex -50 -7.128052193506943 25.631923997916374
      vertex 50 -6.928203230275509 26
      vertex 50 -7.128052193506943 25.631923997916374
    endloop
  endfacet
  facet normal 0 0.8526401643540922 -0.5224985647159488
    outer loop
      vertex -50 -6.928203230275509 26
      vertex 50 -6.709364543563392 26.357112280120216
      vertex 50 -6.928203230275509 26
    endloop
  endfacet
  facet normal 0 0.8241261886220178 -0.5664062369248297
    outer loop
      vertex -50 -6.709364543563392 26.357112280120216
      vertex 50 -6.47213595499958 26.702282018339787
      vertex 50 -6.709364543563392 26.357112280120216
    endloop
  endfacet
  facet normal 0 -0.8788171126619647 0.4771587602596097
    outer loop
      vertex -50 -8.660254037844386 27
      vertex 50 -8.910065241883679 26.539904997395467
      vertex 50 -8.660254037844386 27
    endloop
  endfacet
  facet normal 0 -0.8526401643540938 0.5224985647159462
    outer loop
      vertex -50 -8.386705679454241 27.44639035015027
      vertex 50 -8.660254037844386 27
      vertex 50 -8.386705679454241 27.44639035015027
    endloop
  endfacet
  facet normal 0 -0.8241261886220165 0.5664062369248317
    outer loop
      vertex -50 -8.090169943749475 27.877852522924734
      vertex 50 -8.386705679454241 27.44639035015027
      vertex 50 -8.090169943749475 27.877852522924734
    endloop
  endfacet
  facet normal 0 0.7933533402912322 -0.6087614290087244
    outer loop
      vertex -50 -6.47213595499958 26.702282018339787
      vertex 50 -6.217167691655767 27.0345631283987
      vertex 50 -6.47213595499958 26.702282018339787
    endloop
  endfacet
  facet normal 0 0.7604059656000324 -0.649448048330182
    outer loop
      vertex -50 -6.217167691655767 27.0345631283987
      vertex 50 -5.945158603819154 27.353044850870866
      vertex 50 -6.217167691655767 27.0345631283987
    endloop
  endfacet
  facet normal 0 0.7253743710122873 -0.6883545756937545
    outer loop
      vertex -50 -5.945158603819154 27.353044850870866
      vertex 50 -5.656854249492381 27.65685424949238
      vertex 50 -5.945158603819154 27.353044850870866
    endloop
  endfacet
  facet normal 0 0.6883545756937522 -0.7253743710122893
    outer loop
      vertex -50 -5.656854249492381 27.65685424949238
      vertex 50 -5.353044850870866 27.945158603819152
      vertex 50 -5.656854249492381 27.65685424949238
    endloop
  endfacet
  facet normal 0 -0.793353340291233 0.6087614290087237
    outer loop
      vertex -50 -7.771459614569709 28.293203910498374
      vertex 50 -8.090169943749475 27.877852522924734
      vertex 50 -7.771459614569709 28.293203910498374
    endloop
  endfacet
  facet normal 0 -0.7604059656000327 0.6494480483301817
    outer loop
      vertex -50 -7.431448254773942 28.691306063588584
      vertex 50 -7.771459614569709 28.293203910498374
      vertex 50 -7.431448254773942 28.691306063588584
    endloop
  endfacet
  facet normal 0 -0.7253743710122867 0.6883545756937551
    outer loop
      vertex -50 -7.0710678118654755 29.071067811865476
      vertex 50 -7.431448254773942 28.691306063588584
      vertex 50 -7.0710678118654755 29.071067811865476
    endloop
  endfacet
  facet normal 0 -0.6883545756937516 0.72537437101229
    outer loop
      vertex -50 -7.0710678118654755 29.071067811865476
      vertex 50 -7.0710678118654755 29.071067811865476
      vertex 50 -6.691306063588582 29.43144825477394
    endloop
  endfacet
  facet normal 0 0.6494480483301854 -0.7604059656000294
    outer loop
      vertex -50 -5.353044850870866 27.945158603819152
      vertex 50 -5.034563128398699 28.217167691655767
      vertex 50 -5.353044850870866 27.945158603819152
    endloop
  endfacet
  facet normal 0 0.6087614290087213 -0.7933533402912346
    outer loop
      vertex -50 -5.034563128398699 28.217167691655767
      vertex 50 -4.702282018339785 28.47213595499958
      vertex 50 -5.034563128398699 28.217167691655767
    endloop
  endfacet
  facet normal 0 0.5664062369248327 -0.8241261886220157
    outer loop
      vertex -50 -4.702282018339785 28.47213595499958
      vertex 50 -4.357112280120217 28.709364543563392
      vertex 50 -4.702282018339785 28.47213595499958
    endloop
  endfacet
  facet normal 0 -0.6494480483301833 0.7604059656000313
    outer loop
      vertex -50 -6.691306063588582 29.43144825477394
      vertex 50 -6.691306063588582 29.43144825477394
      vertex 50 -6.293203910498374 29.771459614569707
    endloop
  endfacet
  facet normal 0 -0.608761429008722 0.7933533402912342
    outer loop
      vertex -50 -6.293203910498374 29.771459614569707
      vertex 50 -6.293203910498374 29.771459614569707
      vertex 50 -5.877852522924732 30.090169943749473
    endloop
  endfacet
  facet normal 0 0.5224985647159448 -0.8526401643540947
    outer loop
      vertex -50 -4.357112280120217 28.709364543563392
      vertex 50 -4 28.928203230275507
      vertex 50 -4.357112280120217 28.709364543563392
    endloop
  endfacet
  facet normal 0 0.477158760259611 -0.878817112661964
    outer loop
      vertex -50 -4 28.928203230275507
      vertex 50 -3.631923997916374 29.128052193506942
      vertex 50 -4 28.928203230275507
    endloop
  endfacet
  facet normal 0 0.4305110968082944 -0.902585284349861
    outer loop
      vertex -50 -3.631923997916374 29.128052193506942
      vertex 50 -3.2538931446064017 29.308363661140806
      vertex 50 -3.631923997916374 29.128052193506942
    endloop
  endfacet
  facet normal 0 0.3826834323650901 -0.9238795325112865
    outer loop
      vertex -50 -3.2538931446064017 29.308363661140806
      vertex 50 -2.866943596362402 29.468643411977613
      vertex 50 -3.2538931446064017 29.308363661140806
    endloop
  endfacet
  facet normal 0 0.33380685923377396 -0.9426414910921772
    outer loop
      vertex -50 -2.866943596362402 29.468643411977613
      vertex 50 -2.472135954999579 29.60845213036123
      vertex 50 -2.866943596362402 29.468643411977613
    endloop
  endfacet
  facet normal 0 0.2840153447039199 -0.9588197348681938
    outer loop
      vertex -50 -2.472135954999579 29.60845213036123
      vertex 50 -2.070552360820166 29.727406610312546
      vertex 50 -2.472135954999579 29.60845213036123
    endloop
  endfacet
  facet normal 0 0.23344536385590803 -0.9723699203976761
    outer loop
      vertex -50 -2.070552360820166 29.727406610312546
      vertex 50 -1.6632935265420747 29.825180805870446
      vertex 50 -2.070552360820166 29.727406610312546
    endloop
  endfacet
  facet normal 0 0.1822355254921473 -0.9832549075639545
    outer loop
      vertex -50 -1.6632935265420747 29.825180805870446
      vertex 50 -1.251475720321847 29.901506724761102
      vertex 50 -1.6632935265420747 29.825180805870446
    endloop
  endfacet
  facet normal 0 0.13052619222005404 -0.9914448613738102
    outer loop
      vertex -50 -1.251475720321847 29.901506724761102
      vertex 50 -0.8362277061412278 29.956175162946188
      vertex 50 -1.251475720321847 29.901506724761102
    endloop
  endfacet
  facet normal 0 0.07845909572783875 -0.9969173337331285
    outer loop
      vertex -50 -0.8362277061412278 29.956175162946188
      vertex 50 -0.4186876499435507 29.98903627803659
      vertex 50 -0.8362277061412278 29.956175162946188
    endloop
  endfacet
  facet normal 0 -0.5664062369248355 0.8241261886220138
    outer loop
      vertex -50 -5.877852522924732 30.090169943749473
      vertex 50 -5.877852522924732 30.090169943749473
      vertex 50 -5.446390350150271 30.38670567945424
    endloop
  endfacet
  facet normal 0 -0.5224985647159462 0.8526401643540938
    outer loop
      vertex -50 -5.446390350150271 30.38670567945424
      vertex 50 -5.446390350150271 30.38670567945424
      vertex 50 -5 30.660254037844386
    endloop
  endfacet
  facet normal 0 -0.4771587602596097 0.8788171126619647
    outer loop
      vertex -50 -5 30.660254037844386
      vertex 50 -5 30.660254037844386
      vertex 50 -4.5399049973954675 30.91006524188368
    endloop
  endfacet
  facet normal 0 -0.430511096808292 0.9025852843498622
    outer loop
      vertex -50 -4.5399049973954675 30.91006524188368
      vertex 50 -4.5399049973954675 30.91006524188368
      vertex 50 -4.067366430758002 31.135454576426007
    endloop
  endfacet
  facet normal 0 -0.38268343236509567 0.9238795325112844
    outer loop
      vertex -50 -4.067366430758002 31.135454576426007
      vertex 50 -4.067366430758002 31.135454576426007
      vertex 50 -3.5836794954530027 31.33580426497202
    endloop
  endfacet
  facet normal 0 -0.3338068592337695 0.942641491092179
    outer loop
      vertex -50 -3.5836794954530027 31.33580426497202
      vertex 50 -3.5836794954530027 31.33580426497202
      vertex 50 -3.090169943749474 31.510565162951536
    endloop
  endfacet
  facet normal 0 -0.28401534470391826 0.9588197348681943
    outer loop
      vertex -50 -3.090169943749474 31.510565162951536
      vertex 50 -3.090169943749474 31.510565162951536
      vertex 50 -2.5881904510252074 31.65925826289068
    endloop
  endfacet
  facet normal 0 -0.23344536385590967 0.9723699203976756
    outer loop
      vertex -50 -2.5881904510252074 31.65925826289068
      vertex 50 -2.5881904510252074 31.65925826289068
      vertex 50 -2.0791169081775935 31.781476007338057
    endloop
  endfacet
  facet normal 0 0.026176948307876046 -0.9996573249755573
    outer loop
      vertex -50 -0.4186876499435507 29.98903627803659
      vertex 50 0 30
      vertex 50 -0.4186876499435507 29.98903627803659
    endloop
  endfacet
  facet normal 0 -0.1822355254921489 0.9832549075639543
    outer loop
      vertex -50 -2.0791169081775935 31.781476007338057
      vertex 50 -2.0791169081775935 31.781476007338057
      vertex 50 -1.5643446504023086 31.87688340595138
    endloop
  endfacet
  facet normal 0 -0.13052619222004908 0.9914448613738107
    outer loop
      vertex -50 -1.5643446504023086 31.87688340595138
      vertex 50 -1.5643446504023086 31.87688340595138
      vertex 50 -1.0452846326765348 31.945218953682733
    endloop
  endfacet
  facet normal 0 -0.07845909572784379 0.996917333733128
    outer loop
      vertex -50 -1.0452846326765348 31.945218953682733
      vertex 50 -1.0452846326765348 31.945218953682733
      vertex 50 -0.5233595624294384 31.986295347545738
    endloop
  endfacet
  facet normal 0 -0.026176948307874346 0.9996573249755571
    outer loop
      vertex -50 -0.5233595624294384 31.986295347545738
      vertex 50 -0.5233595624294384 31.986295347545738
      vertex 50 0 32
    endloop
  endfacet
  facet normal 0 -0.9025852843498605 -0.43051109680829536
    outer loop
      vertex 50 -8.910065241883679 17.460095002604533
      vertex 50 -9.135454576426008 17.932633569241997
      vertex 0 -8.910065241883679 17.460095002604533
    endloop
  endfacet
  facet normal 0 -0.9238795325112873 -0.3826834323650884
    outer loop
      vertex 50 -9.135454576426008 17.932633569241997
      vertex 50 -9.335804264972017 18.416320504547
      vertex 0 -9.135454576426008 17.932633569241997
    endloop
  endfacet
  facet normal 0 -0.942641491092179 -0.3338068592337695
    outer loop
      vertex 50 -9.335804264972017 18.416320504547
      vertex 50 -9.510565162951535 18.909830056250527
      vertex 0 -9.335804264972017 18.416320504547
    endloop
  endfacet
  facet normal 0 -0.9588197348681925 -0.2840153447039243
    outer loop
      vertex 50 -9.510565162951535 18.909830056250527
      vertex 50 -9.659258262890683 19.411809548974794
      vertex 0 -9.510565162951535 18.909830056250527
    endloop
  endfacet
  facet normal 0 -0.9723699203976762 -0.2334453638559068
    outer loop
      vertex 50 -9.659258262890683 19.411809548974794
      vertex 50 -9.781476007338057 19.920883091822407
      vertex 0 -9.659258262890683 19.411809548974794
    endloop
  endfacet
  facet normal 0 -0.9832549075639543 -0.18223552549214905
    outer loop
      vertex 50 -9.781476007338057 19.920883091822407
      vertex 50 -9.876883405951379 20.435655349597692
      vertex 0 -9.781476007338057 19.920883091822407
    endloop
  endfacet
  facet normal 0 -0.9914448613738107 -0.13052619222004896
    outer loop
      vertex 50 -9.876883405951379 20.435655349597692
      vertex 50 -9.945218953682733 20.954715367323466
      vertex 0 -9.876883405951379 20.435655349597692
    endloop
  endfacet
  facet normal 0 -0.996917333733128 -0.07845909572784378
    outer loop
      vertex 50 -9.945218953682733 20.954715367323466
      vertex 50 -9.986295347545738 21.476640437570563
      vertex 0 -9.945218953682733 20.954715367323466
    endloop
  endfacet
  facet normal 0 -0.9996573249755573 -0.026176948307874398
    outer loop
      vertex 50 -9.986295347545738 21.476640437570563
      vertex 50 -10 22
      vertex 0 -9.986295347545738 21.476640437570563
    endloop
  endfacet
  facet normal 0 -0.9996573249755573 0.026176948307874398
    outer loop
      vertex 50 -10 22
      vertex 50 -9.986295347545738 22.523359562429437
      vertex 0 -10 22
    endloop
  endfacet
  facet normal 0 -0.8788171126619647 -0.4771587602596097
    outer loop
      vertex 50 -8.910065241883679 17.460095002604533
      vertex 0 -8.660254037844386 17
      vertex 50 -8.660254037844386 17
    endloop
  endfacet
  facet normal 1 0 0
    outer loop
      vertex 50 -9.335804264972017 18.416320504547
      vertex 50 -7.468643411977614 19.133056403637596
      vertex 50 -9.510565162951535 18.909830056250527
    endloop
  endfacet
  facet normal 1 0 0
    outer loop
      vertex 50 -9.510565162951535 18.909830056250527
      vertex 50 -7.608452130361228 19.52786404500042
      vertex 50 -9.659258262890683 19.411809548974794
    endloop
  endfacet
  facet normal 1 0 0
    outer loop
      vertex 50 -9.659258262890683 19.411809548974794
      vertex 50 -7.7274066103125465 19.929447639179834
      vertex 50 -9.781476007338057 19.920883091822407
    endloop
  endfacet
  facet normal 1 0 0
    outer loop
      vertex 50 -9.781476007338057 19.920883091822407
      vertex 50 -7.901506724761102 20.748524279678154
      vertex 50 -9.876883405951379 20.435655349597692
    endloop
  endfacet
  facet normal 1 0 0
    outer loop
      vertex 50 -9.876883405951379 20.435655349597692
      vertex 50 -7.956175162946186 21.163772293858774
      vertex 50 -9.945218953682733 20.954715367323466
    endloop
  endfacet
  facet normal 1 0 0
    outer loop
      vertex 50 -9.945218953682733 20.954715367323466
      vertex 50 -7.989036278036591 21.58131235005645
      vertex 50 -9.986295347545738 21.476640437570563
    endloop
  endfacet
  facet normal 1 0 0
    outer loop
      vertex 50 -9.986295347545738 21.476640437570563
      vertex 50 -7.989036278036591 21.58131235005645
      vertex 50 -10 22
    endloop
  endfacet
  facet normal 1 0 0
    outer loop
      vertex 50 -10 22
      vertex 50 -7.989036278036591 22.41868764994355
      vertex 50 -9.986295347545738 22.523359562429437
    endloop
  endfacet
  facet normal 1 0 0
    outer loop
      vertex 50 -9.986295347545738 22.523359562429437
      vertex 50 -7.956175162946186 22.836227706141226
      vertex 50 -9.945218953682733 23.045284632676534
    endloop
  endfacet
  facet normal 1 0 0
    outer loop
      vertex 50 -9.945218953682733 23.045284632676534
      vertex 50 -7.901506724761102 23.251475720321846
      vertex 50 -9.876883405951379 23.564344650402308
    endloop
  endfacet
  facet normal 1 0 0
    outer loop
      vertex 50 -9.876883405951379 23.564344650402308
      vertex 50 -7.8251808058704455 23.663293526542073
      vertex 50 -9.781476007338057 24.079116908177593
    endloop
  endfacet
  facet normal 1 0 0
    outer loop
      vertex 50 -9.781476007338057 24.079116908177593
      vertex 50 -7.608452130361228 24.47213595499958
      vertex 50 -9.659258262890683 24.588190451025206
    endloop
  endfacet
  facet normal 1 0 0
    outer loop
      vertex 50 -9.659258262890683 24.588190451025206
      vertex 50 -7.468643411977614 24.866943596362404
      vertex 50 -9.510565162951535 25.090169943749473
    endloop
  endfacet
  facet normal 1 0 0
    outer loop
      vertex 50 -8.910065241883679 17.460095002604533
      vertex 50 -8.660254037844386 17
      vertex 50 -6.709364543563392 17.642887719879784
    endloop
  endfacet
  facet normal 1 0 0
    outer loop
      vertex 50 -8.910065241883679 17.460095002604533
      vertex 50 -6.928203230275509 18
      vertex 50 -9.135454576426008 17.932633569241997
    endloop
  endfacet
  facet normal 1 0 0
    outer loop
      vertex 50 -9.135454576426008 17.932633569241997
      vertex 50 -6.928203230275509 18
      vertex 50 -7.128052193506943 18.368076002083626
    endloop
  endfacet
  facet normal 1 0 0
    outer loop
      vertex 50 -8.660254037844386 17
      vertex 50 -6.47213595499958 17.297717981660213
      vertex 50 -6.709364543563392 17.642887719879784
    endloop
  endfacet
  facet normal 1 0 0
    outer loop
      vertex 50 -8.910065241883679 17.460095002604533
      vertex 50 -6.709364543563392 17.642887719879784
      vertex 50 -6.928203230275509 18
    endloop
  endfacet
  facet normal 1 0 0
    outer loop
      vertex 50 -9.135454576426008 17.932633569241997
      vertex 50 -7.308363661140807 18.7461068553936
      vertex 50 -9.335804264972017 18.416320504547
    endloop
  endfacet
  facet normal 1 0 0
    outer loop
      vertex 50 -9.135454576426008 17.932633569241997
      vertex 50 -7.128052193506943 18.368076002083626
      vertex 50 -7.308363661140807 18.7461068553936
    endloop
  endfacet
  facet normal 1 0 0
    outer loop
      vertex 50 -9.335804264972017 18.416320504547
      vertex 50 -7.308363661140807 18.7461068553936
      vertex 50 -7.468643411977614 19.133056403637596
    endloop
  endfacet
  facet normal 1 0 0
    outer loop
      vertex 50 -9.510565162951535 18.909830056250527
      vertex 50 -7.468643411977614 19.133056403637596
      vertex 50 -7.608452130361228 19.52786404500042
    endloop
  endfacet
  facet normal 1 0 0
    outer loop
      vertex 50 -9.659258262890683 19.411809548974794
      vertex 50 -7.608452130361228 19.52786404500042
      vertex 50 -7.7274066103125465 19.929447639179834
    endloop
  endfacet
  facet normal 1 0 0
    outer loop
      vertex 50 -9.781476007338057 19.920883091822407
      vertex 50 -7.7274066103125465 19.929447639179834
      vertex 50 -7.8251808058704455 20.336706473457927
    endloop
  endfacet
  facet normal 1 0 0
    outer loop
      vertex 50 -9.781476007338057 19.920883091822407
      vertex 50 -7.8251808058704455 20.336706473457927
      vertex 50 -7.901506724761102 20.748524279678154
    endloop
  endfacet
  facet normal 1 0 0
    outer loop
      vertex 50 -9.876883405951379 20.435655349597692
      vertex 50 -7.901506724761102 20.748524279678154
      vertex 50 -7.956175162946186 21.163772293858774
    endloop
  endfacet
  facet normal 1 0 0
    outer loop
      vertex 50 -9.945218953682733 20.954715367323466
      vertex 50 -7.956175162946186 21.163772293858774
      vertex 50 -7.989036278036591 21.58131235005645
    endloop
  endfacet
  facet normal 1 0 0
    outer loop
      vertex 50 -10 22
      vertex 50 -7.989036278036591 21.58131235005645
      vertex 50 -8 22
    endloop
  endfacet
  facet normal 1 0 0
    outer loop
      vertex 50 -10 22
      vertex 50 -8 22
      vertex 50 -7.989036278036591 22.41868764994355
    endloop
  endfacet
  facet normal 1 0 0
    outer loop
      vertex 50 -9.986295347545738 22.523359562429437
      vertex 50 -7.989036278036591 22.41868764994355
      vertex 50 -7.956175162946186 22.836227706141226
    endloop
  endfacet
  facet normal 1 0 0
    outer loop
      vertex 50 -9.945218953682733 23.045284632676534
      vertex 50 -7.956175162946186 22.836227706141226
      vertex 50 -7.901506724761102 23.251475720321846
    endloop
  endfacet
  facet normal 1 0 0
    outer loop
      vertex 50 -9.876883405951379 23.564344650402308
      vertex 50 -7.901506724761102 23.251475720321846
      vertex 50 -7.8251808058704455 23.663293526542073
    endloop
  endfacet
  facet normal 1 0 0
    outer loop
      vertex 50 -7.8251808058704455 23.663293526542073
      vertex 50 -7.7274066103125465 24.070552360820166
      vertex 50 -9.781476007338057 24.079116908177593
    endloop
  endfacet
  facet normal 1 0 0
    outer loop
      vertex 50 -9.781476007338057 24.079116908177593
      vertex 50 -7.7274066103125465 24.070552360820166
      vertex 50 -7.608452130361228 24.47213595499958
    endloop
  endfacet
  facet normal 1 0 0
    outer loop
      vertex 50 -9.659258262890683 24.588190451025206
      vertex 50 -7.608452130361228 24.47213595499958
      vertex 50 -7.468643411977614 24.866943596362404
    endloop
  endfacet
  facet normal 1 0 0
    outer loop
      vertex 50 -9.510565162951535 25.090169943749473
      vertex 50 -7.468643411977614 24.866943596362404
      vertex 50 -7.308363661140807 25.2538931446064
    endloop
  endfacet
  facet normal 1 0 0
    outer loop
      vertex 50 -9.510565162951535 25.090169943749473
      vertex 50 -7.308363661140807 25.2538931446064
      vertex 50 -9.335804264972017 25.583679495453
    endloop
  endfacet
  facet normal 1 0 0
    outer loop
      vertex 50 -9.335804264972017 25.583679495453
      vertex 50 -7.308363661140807 25.2538931446064
      vertex 50 -7.128052193506943 25.631923997916374
    endloop
  endfacet
  facet normal 1 0 0
    outer loop
      vertex 50 -9.335804264972017 25.583679495453
      vertex 50 -6.928203230275509 26
      vertex 50 -9.135454576426008 26.067366430758003
    endloop
  endfacet
  facet normal 1 0 0
    outer loop
      vertex 50 -9.335804264972017 25.583679495453
      vertex 50 -7.128052193506943 25.631923997916374
      vertex 50 -6.928203230275509 26
    endloop
  endfacet
  facet normal 1 0 0
    outer loop
      vertex 50 -9.135454576426008 26.067366430758003
      vertex 50 -6.709364543563392 26.357112280120216
      vertex 50 -8.910065241883679 26.539904997395467
    endloop
  endfacet
  facet normal 1 0 0
    outer loop
      vertex 50 -8.910065241883679 26.539904997395467
      vertex 50 -6.47213595499958 26.702282018339787
      vertex 50 -8.660254037844386 27
    endloop
  endfacet
  facet normal 1 0 0
    outer loop
      vertex 50 -9.135454576426008 26.067366430758003
      vertex 50 -6.928203230275509 26
      vertex 50 -6.709364543563392 26.357112280120216
    endloop
  endfacet
  facet normal 1 0 0
    outer loop
      vertex 50 -8.910065241883679 26.539904997395467
      vertex 50 -6.709364543563392 26.357112280120216
      vertex 50 -6.47213595499958 26.702282018339787
    endloop
  endfacet
  facet normal 1 0 0
    outer loop
      vertex 50 -8.660254037844386 27
      vertex 50 -5.945158603819154 27.353044850870866
      vertex 50 -8.386705679454241 27.44639035015027
    endloop
  endfacet
  facet normal 1 0 0
    outer loop
      vertex 50 -8.660254037844386 27
      vertex 50 -6.47213595499958 26.702282018339787
      vertex 50 -6.217167691655767 27.0345631283987
    endloop
  endfacet
  facet normal 1 0 0
    outer loop
      vertex 50 -8.660254037844386 27
      vertex 50 -6.217167691655767 27.0345631283987
      vertex 50 -5.945158603819154 27.353044850870866
    endloop
  endfacet
  facet normal 1 0 0
    outer loop
      vertex 50 -8.386705679454241 27.44639035015027
      vertex 50 -5.656854249492381 27.65685424949238
      vertex 50 -8.090169943749475 27.877852522924734
    endloop
  endfacet
  facet normal 1 0 0
    outer loop
      vertex 50 -8.386705679454241 27.44639035015027
      vertex 50 -5.945158603819154 27.353044850870866
      vertex 50 -5.656854249492381 27.65685424949238
    endloop
  endfacet
  facet normal 1 0 0
    outer loop
      vertex 50 -8.090169943749475 27.877852522924734
      vertex 50 -5.656854249492381 27.65685424949238
      vertex 50 -5.353044850870866 27.945158603819152
    endloop
  endfacet
  facet normal 1 0 0
    outer loop
      vertex 50 -8.090169943749475 27.877852522924734
      vertex 50 -5.034563128398699 28.217167691655767
      vertex 50 -7.771459614569709 28.293203910498374
    endloop
  endfacet
  facet normal 1 0 0
    outer loop
      vertex 50 -7.771459614569709 28.293203910498374
      vertex 50 -4.702282018339785 28.47213595499958
      vertex 50 -7.431448254773942 28.691306063588584
    endloop
  endfacet
  facet normal 1 0 0
    outer loop
      vertex 50 -8.090169943749475 27.877852522924734
      vertex 50 -5.353044850870866 27.945158603819152
      vertex 50 -5.034563128398699 28.217167691655767
    endloop
  endfacet
  facet normal 1 0 0
    outer loop
      vertex 50 -7.771459614569709 28.293203910498374
      vertex 50 -5.034563128398699 28.217167691655767
      vertex 50 -4.702282018339785 28.47213595499958
    endloop
  endfacet
  facet normal 1 0 0
    outer loop
      vertex 50 -7.431448254773942 28.691306063588584
      vertex 50 -4 28.928203230275507
      vertex 50 -7.0710678118654755 29.071067811865476
    endloop
  endfacet
  facet normal 1 0 0
    outer loop
      vertex 50 -7.431448254773942 28.691306063588584
      vertex 50 -4.702282018339785 28.47213595499958
      vertex 50 -4.357112280120217 28.709364543563392
    endloop
  endfacet
  facet normal 1 0 0
    outer loop
      vertex 50 -7.431448254773942 28.691306063588584
      vertex 50 -4.357112280120217 28.709364543563392
      vertex 50 -4 28.928203230275507
    endloop
  endfacet
  facet normal 1 0 0
    outer loop
      vertex 50 -7.0710678118654755 29.071067811865476
      vertex 50 -3.2538931446064017 29.308363661140806
      vertex 50 -6.691306063588582 29.43144825477394
    endloop
  endfacet
  facet normal 1 0 0
    outer loop
      vertex 50 -7.0710678118654755 29.071067811865476
      vertex 50 -4 28.928203230275507
      vertex 50 -3.631923997916374 29.128052193506942
    endloop
  endfacet
  facet normal 1 0 0
    outer loop
      vertex 50 -7.0710678118654755 29.071067811865476
      vertex 50 -3.631923997916374 29.128052193506942
      vertex 50 -3.2538931446064017 29.308363661140806
    endloop
  endfacet
  facet normal 1 0 0
    outer loop
      vertex 50 -6.691306063588582 29.43144825477394
      vertex 50 -2.472135954999579 29.60845213036123
      vertex 50 -6.293203910498374 29.771459614569707
    endloop
  endfacet
  facet normal 1 0 0
    outer loop
      vertex 50 -6.691306063588582 29.43144825477394
      vertex 50 -3.2538931446064017 29.308363661140806
      vertex 50 -2.866943596362402 29.468643411977613
    endloop
  endfacet
  facet normal 1 0 0
    outer loop
      vertex 50 -6.691306063588582 29.43144825477394
      vertex 50 -2.866943596362402 29.468643411977613
      vertex 50 -2.472135954999579 29.60845213036123
    endloop
  endfacet
  facet normal 1 0 0
    outer loop
      vertex 50 -6.293203910498374 29.771459614569707
      vertex 50 -0.8362277061412278 29.956175162946188
      vertex 50 -5.877852522924732 30.090169943749473
    endloop
  endfacet
  facet normal 1 0 0
    outer loop
      vertex 50 -6.293203910498374 29.771459614569707
      vertex 50 -2.472135954999579 29.60845213036123
      vertex 50 -2.070552360820166 29.727406610312546
    endloop
  endfacet
  facet normal 1 0 0
    outer loop
      vertex 50 -6.293203910498374 29.771459614569707
      vertex 50 -2.070552360820166 29.727406610312546
      vertex 50 -1.6632935265420747 29.825180805870446
    endloop
  endfacet
  facet normal 1 0 0
    outer loop
      vertex 50 -6.293203910498374 29.771459614569707
      vertex 50 -1.6632935265420747 29.825180805870446
      vertex 50 -1.251475720321847 29.901506724761102
    endloop
  endfacet
  facet normal 1 0 0
    outer loop
      vertex 50 -6.293203910498374 29.771459614569707
      vertex 50 -1.251475720321847 29.901506724761102
      vertex 50 -0.8362277061412278 29.956175162946188
    endloop
  endfacet
  facet normal 1 0 0
    outer loop
      vertex 50 -5.877852522924732 30.090169943749473
      vertex 50 -0.8362277061412278 29.956175162946188
      vertex 50 -0.4186876499435507 29.98903627803659
    endloop
  endfacet
  facet normal 1 0 0
    outer loop
      vertex 50 -5.877852522924732 30.090169943749473
      vertex 50 -0.4186876499435507 29.98903627803659
      vertex 50 0 30
    endloop
  endfacet
  facet normal 1 0 0
    outer loop
      vertex 50 -5.877852522924732 30.090169943749473
      vertex 50 5.446390350150271 30.38670567945424
      vertex 50 -5.446390350150271 30.38670567945424
    endloop
  endfacet
  facet normal 1 0 0
    outer loop
      vertex 50 -5.446390350150271 30.38670567945424
      vertex 50 5 30.660254037844386
      vertex 50 -5 30.660254037844386
    endloop
  endfacet
  facet normal 1 0 0
    outer loop
      vertex 50 -5 30.660254037844386
      vertex 50 4.5399049973954675 30.91006524188368
      vertex 50 -4.5399049973954675 30.91006524188368
    endloop
  endfacet
  facet normal 1 0 0
    outer loop
      vertex 50 -4.5399049973954675 30.91006524188368
      vertex 50 4.067366430758002 31.135454576426007
      vertex 50 -4.067366430758002 31.135454576426007
    endloop
  endfacet
  facet normal 1 0 0
    outer loop
      vertex 50 -4.067366430758002 31.135454576426007
      vertex 50 3.5836794954530027 31.33580426497202
      vertex 50 -3.5836794954530027 31.33580426497202
    endloop
  endfacet
  facet normal 1 0 0
    outer loop
      vertex 50 -3.5836794954530027 31.33580426497202
      vertex 50 3.090169943749474 31.510565162951536
      vertex 50 -3.090169943749474 31.510565162951536
    endloop
  endfacet
  facet normal 1 0 0
    outer loop
      vertex 50 -3.090169943749474 31.510565162951536
      vertex 50 2.5881904510252074 31.65925826289068
      vertex 50 -2.5881904510252074 31.65925826289068
    endloop
  endfacet
  facet normal 1 0 0
    outer loop
      vertex 50 -2.5881904510252074 31.65925826289068
      vertex 50 2.0791169081775935 31.781476007338057
      vertex 50 -2.0791169081775935 31.781476007338057
    endloop
  endfacet
  facet normal 1 0 0
    outer loop
      vertex 50 -2.0791169081775935 31.781476007338057
      vertex 50 1.5643446504023086 31.87688340595138
      vertex 50 -1.5643446504023086 31.87688340595138
    endloop
  endfacet
  facet normal 1 0 0
    outer loop
      vertex 50 -1.5643446504023086 31.87688340595138
      vertex 50 1.0452846326765348 31.945218953682733
      vertex 50 -1.0452846326765348 31.945218953682733
    endloop
  endfacet
  facet normal 1 0 0
    outer loop
      vertex 50 -1.0452846326765348 31.945218953682733
      vertex 50 0.5233595624294384 31.986295347545738
      vertex 50 -0.5233595624294384 31.986295347545738
    endloop
  endfacet
  facet normal 0 0.026176948307874346 -0.9996573249755571
    outer loop
      vertex 50 0 12
      vertex 0 0 12
      vertex 0 0.5233595624294384 12.013704652454262
    endloop
  endfacet
  facet normal 0 0.07845909572784379 -0.996917333733128
    outer loop
      vertex 50 0.5233595624294384 12.013704652454262
      vertex 0 0.5233595624294384 12.013704652454262
      vertex 0 1.0452846326765348 12.054781046317267
    endloop
  endfacet
  facet normal 0 0.13052619222004908 -0.9914448613738107
    outer loop
      vertex 50 1.0452846326765348 12.054781046317267
      vertex 0 1.0452846326765348 12.054781046317267
      vertex 0 1.5643446504023086 12.123116594048621
    endloop
  endfacet
  facet normal 0 0.1822355254921489 -0.9832549075639543
    outer loop
      vertex 50 1.5643446504023086 12.123116594048621
      vertex 0 1.5643446504023086 12.123116594048621
      vertex 0 2.0791169081775935 12.218523992661943
    endloop
  endfacet
  facet normal 0 0.23344536385590647 -0.9723699203976763
    outer loop
      vertex 50 2.0791169081775935 12.218523992661943
      vertex 0 2.0791169081775935 12.218523992661943
      vertex 0 2.5881904510252074 12.340741737109317
    endloop
  endfacet
  facet normal 0 0.28401534470392453 -0.9588197348681925
    outer loop
      vertex 50 2.5881904510252074 12.340741737109317
      vertex 0 2.5881904510252074 12.340741737109317
      vertex 0 3.090169943749474 12.489434837048465
    endloop
  endfacet
  facet normal 0 0.3338068592337695 -0.942641491092179
    outer loop
      vertex 50 3.090169943749474 12.489434837048465
      vertex 0 3.090169943749474 12.489434837048465
      vertex 0 3.5836794954530027 12.664195735027983
    endloop
  endfacet
  facet normal 0 0.3826834323650899 -0.9238795325112867
    outer loop
      vertex 50 3.5836794954530027 12.664195735027983
      vertex 0 3.5836794954530027 12.664195735027983
      vertex 0 4.067366430758002 12.864545423573992
    endloop
  endfacet
  facet normal 0 -0.026176948307876046 0.9996573249755573
    outer loop
      vertex -50 0.4186876499435507 14.01096372196341
      vertex 50 0 14
      vertex 50 0.4186876499435507 14.01096372196341
    endloop
  endfacet
  facet normal 0 -0.07845909572784297 0.9969173337331282
    outer loop
      vertex -50 0.8362277061412278 14.043824837053814
      vertex 50 0.4186876499435507 14.01096372196341
      vertex 50 0.8362277061412278 14.043824837053814
    endloop
  endfacet
  facet normal 0 -0.13052619222004988 0.9914448613738107
    outer loop
      vertex -50 1.251475720321847 14.098493275238898
      vertex 50 0.8362277061412278 14.043824837053814
      vertex 50 1.251475720321847 14.098493275238898
    endloop
  endfacet
  facet normal 0 -0.1822355254921473 0.9832549075639545
    outer loop
      vertex -50 1.6632935265420747 14.174819194129554
      vertex 50 1.251475720321847 14.098493275238898
      vertex 50 1.6632935265420747 14.174819194129554
    endloop
  endfacet
  facet normal 0 -0.23344536385590803 0.9723699203976761
    outer loop
      vertex -50 2.070552360820166 14.272593389687454
      vertex 50 1.6632935265420747 14.174819194129554
      vertex 50 2.070552360820166 14.272593389687454
    endloop
  endfacet
  facet normal 0 0.43051109680829475 -0.9025852843498609
    outer loop
      vertex 50 4.067366430758002 12.864545423573992
      vertex 0 4.067366430758002 12.864545423573992
      vertex 0 4.5399049973954675 13.089934758116321
    endloop
  endfacet
  facet normal 0 -0.2840153447039199 0.9588197348681938
    outer loop
      vertex -50 2.472135954999579 14.39154786963877
      vertex 50 2.070552360820166 14.272593389687454
      vertex 50 2.472135954999579 14.39154786963877
    endloop
  endfacet
  facet normal 0 -0.33380685923377396 0.9426414910921772
    outer loop
      vertex -50 2.866943596362402 14.531356588022387
      vertex 50 2.472135954999579 14.39154786963877
      vertex 50 2.866943596362402 14.531356588022387
    endloop
  endfacet
  facet normal 0 -0.3826834323650901 0.9238795325112865
    outer loop
      vertex -50 3.2538931446064017 14.691636338859194
      vertex 50 2.866943596362402 14.531356588022387
      vertex 50 3.2538931446064017 14.691636338859194
    endloop
  endfacet
  facet normal 0 -0.4305110968082944 0.902585284349861
    outer loop
      vertex -50 3.631923997916374 14.871947806493058
      vertex 50 3.2538931446064017 14.691636338859194
      vertex 50 3.631923997916374 14.871947806493058
    endloop
  endfacet
  facet normal 0 -0.47715876025960774 0.8788171126619658
    outer loop
      vertex -50 4 15.071796769724491
      vertex 50 3.631923997916374 14.871947806493058
      vertex 50 4 15.071796769724491
    endloop
  endfacet
  facet normal 0 -0.5224985647159479 0.8526401643540928
    outer loop
      vertex -50 4.357112280120217 15.290635456436608
      vertex 50 4 15.071796769724491
      vertex 50 4.357112280120217 15.290635456436608
    endloop
  endfacet
  facet normal 0 0.4771587602596097 -0.8788171126619647
    outer loop
      vertex 50 4.5399049973954675 13.089934758116321
      vertex 0 4.5399049973954675 13.089934758116321
      vertex 0 5 13.339745962155614
    endloop
  endfacet
  facet normal 0 0.5224985647159462 -0.8526401643540938
    outer loop
      vertex 50 5 13.339745962155614
      vertex 0 5 13.339745962155614
      vertex 0 5.446390350150271 13.613294320545759
    endloop
  endfacet
  facet normal 0 0.5664062369248333 -0.8241261886220154
    outer loop
      vertex 50 5.446390350150271 13.613294320545759
      vertex 0 5.446390350150271 13.613294320545759
      vertex 0 5.877852522924732 13.909830056250525
    endloop
  endfacet
  facet normal 0 0.608761429008722 -0.7933533402912342
    outer loop
      vertex 50 5.877852522924732 13.909830056250525
      vertex 0 5.877852522924732 13.909830056250525
      vertex 0 6.293203910498374 14.228540385430291
    endloop
  endfacet
  facet normal 0 0.6494480483301833 -0.7604059656000313
    outer loop
      vertex 50 6.293203910498374 14.228540385430291
      vertex 0 6.293203910498374 14.228540385430291
      vertex 0 6.691306063588582 14.568551745226058
    endloop
  endfacet
  facet normal 0 0.6883545756937534 -0.7253743710122882
    outer loop
      vertex 50 6.691306063588582 14.568551745226058
      vertex 0 6.691306063588582 14.568551745226058
      vertex 0 7.0710678118654755 14.928932188134524
    endloop
  endfacet
  facet normal 0 -0.5664062369248327 0.8241261886220157
    outer loop
      vertex -50 4.702282018339785 15.52786404500042
      vertex 50 4.357112280120217 15.290635456436608
      vertex 50 4.702282018339785 15.52786404500042
    endloop
  endfacet
  facet normal 0 -0.6087614290087213 0.7933533402912346
    outer loop
      vertex -50 5.034563128398699 15.782832308344233
      vertex 50 4.702282018339785 15.52786404500042
      vertex 50 5.034563128398699 15.782832308344233
    endloop
  endfacet
  facet normal 0 -0.6494480483301854 0.7604059656000294
    outer loop
      vertex -50 5.353044850870866 16.054841396180848
      vertex 50 5.034563128398699 15.782832308344233
      vertex 50 5.353044850870866 16.054841396180848
    endloop
  endfacet
  facet normal 0 -0.6883545756937522 0.7253743710122893
    outer loop
      vertex -50 5.656854249492381 16.34314575050762
      vertex 50 5.353044850870866 16.054841396180848
      vertex 50 5.656854249492381 16.34314575050762
    endloop
  endfacet
  facet normal 0 -0.7253743710122873 0.6883545756937545
    outer loop
      vertex -50 5.945158603819154 16.646955149129134
      vertex 50 5.656854249492381 16.34314575050762
      vertex 50 5.945158603819154 16.646955149129134
    endloop
  endfacet
  facet normal 0 -0.7604059656000324 0.649448048330182
    outer loop
      vertex -50 6.217167691655767 16.9654368716013
      vertex 50 5.945158603819154 16.646955149129134
      vertex 50 6.217167691655767 16.9654368716013
    endloop
  endfacet
  facet normal 0 0.7253743710122882 -0.6883545756937534
    outer loop
      vertex 50 7.0710678118654755 14.928932188134524
      vertex 0 7.0710678118654755 14.928932188134524
      vertex 0 7.431448254773942 15.308693936411418
    endloop
  endfacet
  facet normal 0 0.7604059656000313 -0.6494480483301833
    outer loop
      vertex 50 7.431448254773942 15.308693936411418
      vertex 0 7.431448254773942 15.308693936411418
      vertex 0 7.771459614569709 15.706796089501626
    endloop
  endfacet
  facet normal 0 0.793353340291233 -0.6087614290087237
    outer loop
      vertex 50 7.771459614569709 15.706796089501626
      vertex 0 7.771459614569709 15.706796089501626
      vertex 0 8.090169943749475 16.122147477075266
    endloop
  endfacet
  facet normal 0 0.8241261886220165 -0.5664062369248317
    outer loop
      vertex 50 8.090169943749475 16.122147477075266
      vertex 0 8.090169943749475 16.122147477075266
      vertex 0 8.386705679454241 16.55360964984973
    endloop
  endfacet
  facet normal 0 0.8526401643540938 -0.5224985647159462
    outer loop
      vertex 50 8.386705679454241 16.55360964984973
      vertex 0 8.386705679454241 16.55360964984973
      vertex 0 8.660254037844386 17
    endloop
  endfacet
  facet normal 0 0.026176948307874346 -0.9996573249755571
    outer loop
      vertex 50 0 12
      vertex 0 0.5233595624294384 12.013704652454262
      vertex 50 0.5233595624294384 12.013704652454262
    endloop
  endfacet
  facet normal 0 0.07845909572784379 -0.996917333733128
    outer loop
      vertex 50 0.5233595624294384 12.013704652454262
      vertex 0 1.0452846326765348 12.054781046317267
      vertex 50 1.0452846326765348 12.054781046317267
    endloop
  endfacet
  facet normal 0 0.13052619222004908 -0.9914448613738107
    outer loop
      vertex 50 1.0452846326765348 12.054781046317267
      vertex 0 1.5643446504023086 12.123116594048621
      vertex 50 1.5643446504023086 12.123116594048621
    endloop
  endfacet
  facet normal 0 0.1822355254921489 -0.9832549075639543
    outer loop
      vertex 50 1.5643446504023086 12.123116594048621
      vertex 0 2.0791169081775935 12.218523992661943
      vertex 50 2.0791169081775935 12.218523992661943
    endloop
  endfacet
  facet normal 0 0.23344536385590647 -0.9723699203976763
    outer loop
      vertex 50 2.0791169081775935 12.218523992661943
      vertex 0 2.5881904510252074 12.340741737109317
      vertex 50 2.5881904510252074 12.340741737109317
    endloop
  endfacet
  facet normal 0 0.28401534470392453 -0.9588197348681925
    outer loop
      vertex 50 2.5881904510252074 12.340741737109317
      vertex 0 3.090169943749474 12.489434837048465
      vertex 50 3.090169943749474 12.489434837048465
    endloop
  endfacet
  facet normal 0 0.3338068592337695 -0.942641491092179
    outer loop
      vertex 50 3.090169943749474 12.489434837048465
      vertex 0 3.5836794954530027 12.664195735027983
      vertex 50 3.5836794954530027 12.664195735027983
    endloop
  endfacet
  facet normal 0 0.3826834323650899 -0.9238795325112867
    outer loop
      vertex 50 3.5836794954530027 12.664195735027983
      vertex 0 4.067366430758002 12.864545423573992
      vertex 50 4.067366430758002 12.864545423573992
    endloop
  endfacet
  facet normal 0 0.43051109680829475 -0.9025852843498609
    outer loop
      vertex 50 4.067366430758002 12.864545423573992
      vertex 0 4.5399049973954675 13.089934758116321
      vertex 50 4.5399049973954675 13.089934758116321
    endloop
  endfacet
  facet normal 0 0.4771587602596097 -0.8788171126619647
    outer loop
      vertex 50 4.5399049973954675 13.089934758116321
      vertex 0 5 13.339745962155614
      vertex 50 5 13.339745962155614
    endloop
  endfacet
  facet normal 0 0.5224985647159462 -0.8526401643540938
    outer loop
      vertex 50 5 13.339745962155614
      vertex 0 5.446390350150271 13.613294320545759
      vertex 50 5.446390350150271 13.613294320545759
    endloop
  endfacet
  facet normal 0 0.5664062369248333 -0.8241261886220154
    outer loop
      vertex 50 5.446390350150271 13.613294320545759
      vertex 0 5.877852522924732 13.909830056250525
      vertex 50 5.877852522924732 13.909830056250525
    endloop
  endfacet
  facet normal 0 0.608761429008722 -0.7933533402912342
    outer loop
      vertex 50 5.877852522924732 13.909830056250525
      vertex 0 6.293203910498374 14.228540385430291
      vertex 50 6.293203910498374 14.228540385430291
    endloop
  endfacet
  facet normal 0 0.6494480483301833 -0.7604059656000313
    outer loop
      vertex 50 6.293203910498374 14.228540385430291
      vertex 0 6.691306063588582 14.568551745226058
      vertex 50 6.691306063588582 14.568551745226058
    endloop
  endfacet
  facet normal 0 0.6883545756937534 -0.7253743710122882
    outer loop
      vertex 50 6.691306063588582 14.568551745226058
      vertex 0 7.0710678118654755 14.928932188134524
      vertex 50 7.0710678118654755 14.928932188134524
    endloop
  endfacet
  facet normal 0 0.7253743710122882 -0.6883545756937534
    outer loop
      vertex 50 7.0710678118654755 14.928932188134524
      vertex 0 7.431448254773942 15.308693936411418
      vertex 50 7.431448254773942 15.308693936411418
    endloop
  endfacet
  facet normal 0 0.7604059656000313 -0.6494480483301833
    outer loop
      vertex 50 7.431448254773942 15.308693936411418
      vertex 0 7.771459614569709 15.706796089501626
      vertex 50 7.771459614569709 15.706796089501626
    endloop
  endfacet
  facet normal 0 0.793353340291233 -0.6087614290087237
    outer loop
      vertex 50 7.771459614569709 15.706796089501626
      vertex 0 8.090169943749475 16.122147477075266
      vertex 50 8.090169943749475 16.122147477075266
    endloop
  endfacet
  facet normal 0 0.8241261886220165 -0.5664062369248317
    outer loop
      vertex 50 8.090169943749475 16.122147477075266
      vertex 0 8.386705679454241 16.55360964984973
      vertex 50 8.386705679454241 16.55360964984973
    endloop
  endfacet
  facet normal 0 0.8526401643540938 -0.5224985647159462
    outer loop
      vertex 50 8.386705679454241 16.55360964984973
      vertex 0 8.660254037844386 17
      vertex 50 8.660254037844386 17
    endloop
  endfacet
  facet normal 1 0 0
    outer loop
      vertex 50 -0.5233595624294384 12.013704652454262
      vertex 50 0 12
      vertex 50 0.5233595624294384 12.013704652454262
    endloop
  endfacet
  facet normal 1 0 0
    outer loop
      vertex 50 -0.5233595624294384 12.013704652454262
      vertex 50 0.5233595624294384 12.013704652454262
      vertex 50 1.0452846326765348 12.054781046317267
    endloop
  endfacet
  facet normal 1 0 0
    outer loop
      vertex 50 -1.0452846326765348 12.054781046317267
      vertex 50 1.0452846326765348 12.054781046317267
      vertex 50 1.5643446504023086 12.123116594048621
    endloop
  endfacet
  facet normal 1 0 0
    outer loop
      vertex 50 -1.5643446504023086 12.123116594048621
      vertex 50 1.5643446504023086 12.123116594048621
      vertex 50 2.0791169081775935 12.218523992661943
    endloop
  endfacet
  facet normal 1 0 0
    outer loop
      vertex 50 -2.0791169081775935 12.218523992661943
      vertex 50 2.0791169081775935 12.218523992661943
      vertex 50 2.5881904510252074 12.340741737109317
    endloop
  endfacet
  facet normal 1 0 0
    outer loop
      vertex 50 -2.5881904510252074 12.340741737109317
      vertex 50 2.5881904510252074 12.340741737109317
      vertex 50 3.090169943749474 12.489434837048465
    endloop
  endfacet
  facet normal 1 0 0
    outer loop
      vertex 50 -3.090169943749474 12.489434837048465
      vertex 50 3.090169943749474 12.489434837048465
      vertex 50 3.5836794954530027 12.664195735027983
    endloop
  endfacet
  facet normal 1 0 0
    outer loop
      vertex 50 -3.5836794954530027 12.664195735027983
      vertex 50 3.5836794954530027 12.664195735027983
      vertex 50 4.067366430758002 12.864545423573992
    endloop
  endfacet
  facet normal 1 0 0
    outer loop
      vertex 50 -4.067366430758002 12.864545423573992
      vertex 50 4.067366430758002 12.864545423573992
      vertex 50 4.5399049973954675 13.089934758116321
    endloop
  endfacet
  facet normal 1 0 0
    outer loop
      vertex 50 -4.5399049973954675 13.089934758116321
      vertex 50 4.5399049973954675 13.089934758116321
      vertex 50 5 13.339745962155614
    endloop
  endfacet
  facet normal 1 0 0
    outer loop
      vertex 50 -5 13.339745962155614
      vertex 50 5 13.339745962155614
      vertex 50 5.446390350150271 13.613294320545759
    endloop
  endfacet
  facet normal 1 0 0
    outer loop
      vertex 50 -5.446390350150271 13.613294320545759
      vertex 50 5.446390350150271 13.613294320545759
      vertex 50 5.877852522924732 13.909830056250525
    endloop
  endfacet
  facet normal 1 0 0
    outer loop
      vertex 50 -5.877852522924732 13.909830056250525
      vertex 50 5.877852522924732 13.909830056250525
      vertex 50 0 14
    endloop
  endfacet
  facet normal 1 0 0
    outer loop
      vertex 50 0 14
      vertex 50 5.877852522924732 13.909830056250525
      vertex 50 0.4186876499435507 14.01096372196341
    endloop
  endfacet
  facet normal 1 0 0
    outer loop
      vertex 50 0.4186876499435507 14.01096372196341
      vertex 50 5.877852522924732 13.909830056250525
      vertex 50 0.8362277061412278 14.043824837053814
    endloop
  endfacet
  facet normal 1 0 0
    outer loop
      vertex 50 0.8362277061412278 14.043824837053814
      vertex 50 6.293203910498374 14.228540385430291
      vertex 50 1.251475720321847 14.098493275238898
    endloop
  endfacet
  facet normal 1 0 0
    outer loop
      vertex 50 1.251475720321847 14.098493275238898
      vertex 50 6.293203910498374 14.228540385430291
      vertex 50 1.6632935265420747 14.174819194129554
    endloop
  endfacet
  facet normal 1 0 0
    outer loop
      vertex 50 1.6632935265420747 14.174819194129554
      vertex 50 6.293203910498374 14.228540385430291
      vertex 50 2.070552360820166 14.272593389687454
    endloop
  endfacet
  facet normal 1 0 0
    outer loop
      vertex 50 2.070552360820166 14.272593389687454
      vertex 50 6.293203910498374 14.228540385430291
      vertex 50 2.472135954999579 14.39154786963877
    endloop
  endfacet
  facet normal 1 0 0
    outer loop
      vertex 50 0.8362277061412278 14.043824837053814
      vertex 50 5.877852522924732 13.909830056250525
      vertex 50 6.293203910498374 14.228540385430291
    endloop
  endfacet
  facet normal 1 0 0
    outer loop
      vertex 50 2.472135954999579 14.39154786963877
      vertex 50 6.691306063588582 14.568551745226058
      vertex 50 2.866943596362402 14.531356588022387
    endloop
  endfacet
  facet normal 1 0 0
    outer loop
      vertex 50 2.866943596362402 14.531356588022387
      vertex 50 6.691306063588582 14.568551745226058
      vertex 50 3.2538931446064017 14.691636338859194
    endloop
  endfacet
  facet normal 1 0 0
    outer loop
      vertex 50 2.472135954999579 14.39154786963877
      vertex 50 6.293203910498374 14.228540385430291
      vertex 50 6.691306063588582 14.568551745226058
    endloop
  endfacet
  facet normal 1 0 0
    outer loop
      vertex 50 3.2538931446064017 14.691636338859194
      vertex 50 7.0710678118654755 14.928932188134524
      vertex 50 3.631923997916374 14.871947806493058
    endloop
  endfacet
  facet normal 1 0 0
    outer loop
      vertex 50 3.631923997916374 14.871947806493058
      vertex 50 7.0710678118654755 14.928932188134524
      vertex 50 4 15.071796769724491
    endloop
  endfacet
  facet normal 1 0 0
    outer loop
      vertex 50 3.2538931446064017 14.691636338859194
      vertex 50 6.691306063588582 14.568551745226058
      vertex 50 7.0710678118654755 14.928932188134524
    endloop
  endfacet
  facet normal 1 0 0
    outer loop
      vertex 50 4 15.071796769724491
      vertex 50 7.431448254773942 15.308693936411418
      vertex 50 4.357112280120217 15.290635456436608
    endloop
  endfacet
  facet normal 1 0 0
    outer loop
      vertex 50 4.357112280120217 15.290635456436608
      vertex 50 7.431448254773942 15.308693936411418
      vertex 50 4.702282018339785 15.52786404500042
    endloop
  endfacet
  facet normal 1 0 0
    outer loop
      vertex 50 4 15.071796769724491
      vertex 50 7.0710678118654755 14.928932188134524
      vertex 50 7.431448254773942 15.308693936411418
    endloop
  endfacet
  facet normal 1 0 0
    outer loop
      vertex 50 4.702282018339785 15.52786404500042
      vertex 50 7.771459614569709 15.706796089501626
      vertex 50 5.034563128398699 15.782832308344233
    endloop
  endfacet
  facet normal 1 0 0
    outer loop
      vertex 50 5.034563128398699 15.782832308344233
      vertex 50 8.090169943749475 16.122147477075266
      vertex 50 5.353044850870866 16.054841396180848
    endloop
  endfacet
  facet normal 1 0 0
    outer loop
      vertex 50 5.353044850870866 16.054841396180848
      vertex 50 8.090169943749475 16.122147477075266
      vertex 50 5.656854249492381 16.34314575050762
    endloop
  endfacet
  facet normal 1 0 0
    outer loop
      vertex 50 4.702282018339785 15.52786404500042
      vertex 50 7.431448254773942 15.308693936411418
      vertex 50 7.771459614569709 15.706796089501626
    endloop
  endfacet
  facet normal 1 0 0
    outer loop
      vertex 50 5.034563128398699 15.782832308344233
      vertex 50 7.771459614569709 15.706796089501626
      vertex 50 8.090169943749475 16.122147477075266
    endloop
  endfacet
  facet normal 1 0 0
    outer loop
      vertex 50 5.656854249492381 16.34314575050762
      vertex 50 8.386705679454241 16.55360964984973
      vertex 50 5.945158603819154 16.646955149129134
    endloop
  endfacet
  facet normal 1 0 0
    outer loop
      vertex 50 5.656854249492381 16.34314575050762
      vertex 50 8.090169943749475 16.122147477075266
      vertex 50 8.386705679454241 16.55360964984973
    endloop
  endfacet
  facet normal 1 0 0
    outer loop
      vertex 50 5.945158603819154 16.646955149129134
      vertex 50 8.660254037844386 17
      vertex 50 6.217167691655767 16.9654368716013
    endloop
  endfacet
  facet normal 1 0 0
    outer loop
      vertex 50 6.217167691655767 16.9654368716013
      vertex 50 8.660254037844386 17
      vertex 50 6.47213595499958 17.297717981660213
    endloop
  endfacet
  facet normal 1 0 0
    outer loop
      vertex 50 5.945158603819154 16.646955149129134
      vertex 50 8.386705679454241 16.55360964984973
      vertex 50 8.660254037844386 17
    endloop
  endfacet
  facet normal 0 0.9996573249755566 0.026176948307897668
    outer loop
      vertex 50 9.986295347545738 22.523359562429437
      vertex 0 9.986907039215406 22.5
      vertex -16 9.986907039215406 22.5
    endloop
  endfacet
  facet normal 0 -0.7933533402912322 0.6087614290087244
    outer loop
      vertex -50 6.47213595499958 17.297717981660213
      vertex 50 6.217167691655767 16.9654368716013
      vertex 50 6.47213595499958 17.297717981660213
    endloop
  endfacet
  facet normal 0 -0.8241261886220178 0.5664062369248297
    outer loop
      vertex -50 6.709364543563392 17.642887719879784
      vertex 50 6.47213595499958 17.297717981660213
      vertex 50 6.709364543563392 17.642887719879784
    endloop
  endfacet
  facet normal 0 -0.8526401643540922 0.5224985647159488
    outer loop
      vertex -50 6.928203230275509 18
      vertex 50 6.709364543563392 17.642887719879784
      vertex 50 6.928203230275509 18
    endloop
  endfacet
  facet normal 0 0.8788171126619647 -0.4771587602596097
    outer loop
      vertex 50 8.660254037844386 17
      vertex 0 8.660254037844386 17
      vertex 0 8.910065241883679 17.460095002604533
    endloop
  endfacet
  facet normal 0 -0.8788171126619649 0.47715876025960935
    outer loop
      vertex -50 7.128052193506943 18.368076002083626
      vertex 50 6.928203230275509 18
      vertex 50 7.128052193506943 18.368076002083626
    endloop
  endfacet
  facet normal 0 -0.9025852843498612 0.4305110968082941
    outer loop
      vertex -50 7.308363661140807 18.7461068553936
      vertex 50 7.128052193506943 18.368076002083626
      vertex 50 7.308363661140807 18.7461068553936
    endloop
  endfacet
  facet normal 0 -0.9238795325112859 0.382683432365092
    outer loop
      vertex -50 7.468643411977614 19.133056403637596
      vertex 50 7.308363661140807 18.7461068553936
      vertex 50 7.468643411977614 19.133056403637596
    endloop
  endfacet
  facet normal 0 -0.942641491092179 0.3338068592337692
    outer loop
      vertex -50 7.608452130361228 19.52786404500042
      vertex 50 7.468643411977614 19.133056403637596
      vertex 50 7.608452130361228 19.52786404500042
    endloop
  endfacet
  facet normal 0 -0.9588197348681927 0.28401534470392353
    outer loop
      vertex -50 7.7274066103125465 19.929447639179834
      vertex 50 7.608452130361228 19.52786404500042
      vertex 50 7.7274066103125465 19.929447639179834
    endloop
  endfacet
  facet normal 0 -0.9723699203976767 0.23344536385590528
    outer loop
      vertex -50 7.8251808058704455 20.336706473457927
      vertex 50 7.7274066103125465 19.929447639179834
      vertex 50 7.8251808058704455 20.336706473457927
    endloop
  endfacet
  facet normal 0 -0.9832549075639545 0.1822355254921474
    outer loop
      vertex -50 7.901506724761102 20.748524279678154
      vertex 50 7.8251808058704455 20.336706473457927
      vertex 50 7.901506724761102 20.748524279678154
    endloop
  endfacet
  facet normal 0 -0.9914448613738107 0.13052619222004982
    outer loop
      vertex -50 7.956175162946186 21.163772293858774
      vertex 50 7.901506724761102 20.748524279678154
      vertex 50 7.956175162946186 21.163772293858774
    endloop
  endfacet
  facet normal 0 -0.996917333733128 0.07845909572784518
    outer loop
      vertex -50 7.989036278036591 21.58131235005645
      vertex 50 7.956175162946186 21.163772293858774
      vertex 50 7.989036278036591 21.58131235005645
    endloop
  endfacet
  facet normal 0 -0.9996573249755573 0.02617694830787397
    outer loop
      vertex -50 8 22
      vertex 50 7.989036278036591 21.58131235005645
      vertex 50 8 22
    endloop
  endfacet
  facet normal 0 -0.9996573249755573 -0.02617694830787397
    outer loop
      vertex -50 7.989036278036591 22.41868764994355
      vertex 50 8 22
      vertex 50 7.989036278036591 22.41868764994355
    endloop
  endfacet
  facet normal 0 -0.996917333733128 -0.07845909572784518
    outer loop
      vertex -50 7.956175162946186 22.836227706141226
      vertex 50 7.989036278036591 22.41868764994355
      vertex 50 7.956175162946186 22.836227706141226
    endloop
  endfacet
  facet normal 0 -0.9914448613738107 -0.13052619222004982
    outer loop
      vertex -50 7.901506724761102 23.251475720321846
      vertex 50 7.956175162946186 22.836227706141226
      vertex 50 7.901506724761102 23.251475720321846
    endloop
  endfacet
  facet normal 0 -0.9832549075639545 -0.1822355254921474
    outer loop
      vertex -50 7.8251808058704455 23.663293526542073
      vertex 50 7.901506724761102 23.251475720321846
      vertex 50 7.8251808058704455 23.663293526542073
    endloop
  endfacet
  facet normal 0 -0.9588197348681927 -0.28401534470392353
    outer loop
      vertex -50 7.608452130361228 24.47213595499958
      vertex 50 7.7274066103125465 24.070552360820166
      vertex 50 7.608452130361228 24.47213595499958
    endloop
  endfacet
  facet normal 0 -0.9723699203976767 -0.23344536385590528
    outer loop
      vertex -50 7.7274066103125465 24.070552360820166
      vertex 50 7.8251808058704455 23.663293526542073
      vertex 50 7.7274066103125465 24.070552360820166
    endloop
  endfacet
  facet normal 0 -0.942641491092179 -0.3338068592337692
    outer loop
      vertex -50 7.468643411977614 24.866943596362404
      vertex 50 7.608452130361228 24.47213595499958
      vertex 50 7.468643411977614 24.866943596362404
    endloop
  endfacet
  facet normal 0 -0.9238795325112859 -0.382683432365092
    outer loop
      vertex -50 7.308363661140807 25.2538931446064
      vertex 50 7.468643411977614 24.866943596362404
      vertex 50 7.308363661140807 25.2538931446064
    endloop
  endfacet
  facet normal 0 -0.9025852843498612 -0.4305110968082941
    outer loop
      vertex -50 7.128052193506943 25.631923997916374
      vertex 50 7.308363661140807 25.2538931446064
      vertex 50 7.128052193506943 25.631923997916374
    endloop
  endfacet
  facet normal 0 0.9025852843498605 -0.43051109680829536
    outer loop
      vertex 50 8.910065241883679 17.460095002604533
      vertex 0 8.910065241883679 17.460095002604533
      vertex 0 9.135454576426008 17.932633569241997
    endloop
  endfacet
  facet normal 0 0.9238795325112873 -0.3826834323650884
    outer loop
      vertex 50 9.135454576426008 17.932633569241997
      vertex 0 9.135454576426008 17.932633569241997
      vertex 0 9.335804264972017 18.416320504547
    endloop
  endfacet
  facet normal 0 0.942641491092179 -0.3338068592337695
    outer loop
      vertex 50 9.335804264972017 18.416320504547
      vertex 0 9.335804264972017 18.416320504547
      vertex 0 9.510565162951535 18.909830056250527
    endloop
  endfacet
  facet normal 0 0.9588197348681925 -0.2840153447039243
    outer loop
      vertex 50 9.510565162951535 18.909830056250527
      vertex 0 9.510565162951535 18.909830056250527
      vertex 0 9.659258262890683 19.411809548974794
    endloop
  endfacet
  facet normal 0 0.9723699203976762 -0.2334453638559068
    outer loop
      vertex 50 9.659258262890683 19.411809548974794
      vertex 0 9.659258262890683 19.411809548974794
      vertex 0 9.781476007338057 19.920883091822407
    endloop
  endfacet
  facet normal 0 0.9832549075639543 -0.18223552549214905
    outer loop
      vertex 50 9.781476007338057 19.920883091822407
      vertex 0 9.781476007338057 19.920883091822407
      vertex 0 9.876883405951379 20.435655349597692
    endloop
  endfacet
  facet normal 0 0.9914448613738107 -0.13052619222004896
    outer loop
      vertex 50 9.876883405951379 20.435655349597692
      vertex 0 9.876883405951379 20.435655349597692
      vertex 0 9.945218953682733 20.954715367323466
    endloop
  endfacet
  facet normal 0 0.996917333733128 -0.07845909572784378
    outer loop
      vertex 50 9.945218953682733 20.954715367323466
      vertex 0 9.945218953682733 20.954715367323466
      vertex 0 9.986295347545738 21.476640437570563
    endloop
  endfacet
  facet normal 0 0.9996573249755573 -0.026176948307874398
    outer loop
      vertex 50 9.986295347545738 21.476640437570563
      vertex 0 9.986295347545738 21.476640437570563
      vertex 0 10 22
    endloop
  endfacet
  facet normal 0 0.9996573249755573 0.02617694830787331
    outer loop
      vertex 50 10 22
      vertex 0 10 22
      vertex 0 9.986907039215406 22.5
    endloop
  endfacet
  facet normal 0 0.996917333733128 0.07845909572784378
    outer loop
      vertex -50 9.986295347545738 22.523359562429437
      vertex 50 9.945218953682733 23.045284632676534
      vertex 50 9.986295347545738 22.523359562429437
    endloop
  endfacet
  facet normal 0 0.9914448613738107 0.13052619222004896
    outer loop
      vertex -50 9.945218953682733 23.045284632676534
      vertex 50 9.876883405951379 23.564344650402308
      vertex 50 9.945218953682733 23.045284632676534
    endloop
  endfacet
  facet normal 0 0.9723699203976762 0.2334453638559068
    outer loop
      vertex -50 9.781476007338057 24.079116908177593
      vertex 50 9.659258262890683 24.588190451025206
      vertex 50 9.781476007338057 24.079116908177593
    endloop
  endfacet
  facet normal 0 0.9832549075639543 0.18223552549214905
    outer loop
      vertex -50 9.876883405951379 23.564344650402308
      vertex 50 9.781476007338057 24.079116908177593
      vertex 50 9.876883405951379 23.564344650402308
    endloop
  endfacet
  facet normal 0 0.9588197348681925 0.2840153447039243
    outer loop
      vertex -50 9.659258262890683 24.588190451025206
      vertex 50 9.510565162951535 25.090169943749473
      vertex 50 9.659258262890683 24.588190451025206
    endloop
  endfacet
  facet normal 0 0.942641491092179 0.3338068592337695
    outer loop
      vertex -50 9.510565162951535 25.090169943749473
      vertex 50 9.335804264972017 25.583679495453
      vertex 50 9.510565162951535 25.090169943749473
    endloop
  endfacet
  facet normal 0 -0.13052619222005404 -0.9914448613738102
    outer loop
      vertex -50 0.8362277061412278 29.956175162946188
      vertex 50 1.251475720321847 29.901506724761102
      vertex 50 0.8362277061412278 29.956175162946188
    endloop
  endfacet
  facet normal 0 -0.1822355254921473 -0.9832549075639545
    outer loop
      vertex -50 1.251475720321847 29.901506724761102
      vertex 50 1.6632935265420747 29.825180805870446
      vertex 50 1.251475720321847 29.901506724761102
    endloop
  endfacet
  facet normal 0 -0.23344536385590803 -0.9723699203976761
    outer loop
      vertex -50 1.6632935265420747 29.825180805870446
      vertex 50 2.070552360820166 29.727406610312546
      vertex 50 1.6632935265420747 29.825180805870446
    endloop
  endfacet
  facet normal 0 -0.5224985647159448 -0.8526401643540947
    outer loop
      vertex -50 4 28.928203230275507
      vertex 50 4.357112280120217 28.709364543563392
      vertex 50 4 28.928203230275507
    endloop
  endfacet
  facet normal 0 -0.3826834323650901 -0.9238795325112865
    outer loop
      vertex -50 2.866943596362402 29.468643411977613
      vertex 50 3.2538931446064017 29.308363661140806
      vertex 50 2.866943596362402 29.468643411977613
    endloop
  endfacet
  facet normal 0 -0.2840153447039199 -0.9588197348681938
    outer loop
      vertex -50 2.070552360820166 29.727406610312546
      vertex 50 2.472135954999579 29.60845213036123
      vertex 50 2.070552360820166 29.727406610312546
    endloop
  endfacet
  facet normal 0 -0.33380685923377396 -0.9426414910921772
    outer loop
      vertex -50 2.472135954999579 29.60845213036123
      vertex 50 2.866943596362402 29.468643411977613
      vertex 50 2.472135954999579 29.60845213036123
    endloop
  endfacet
  facet normal 0 -0.477158760259611 -0.878817112661964
    outer loop
      vertex -50 3.631923997916374 29.128052193506942
      vertex 50 4 28.928203230275507
      vertex 50 3.631923997916374 29.128052193506942
    endloop
  endfacet
  facet normal 0 -0.4305110968082944 -0.902585284349861
    outer loop
      vertex -50 3.2538931446064017 29.308363661140806
      vertex 50 3.631923997916374 29.128052193506942
      vertex 50 3.2538931446064017 29.308363661140806
    endloop
  endfacet
  facet normal 0 -0.8241261886220178 -0.5664062369248297
    outer loop
      vertex -50 6.47213595499958 26.702282018339787
      vertex 50 6.709364543563392 26.357112280120216
      vertex 50 6.47213595499958 26.702282018339787
    endloop
  endfacet
  facet normal 0 -0.7933533402912322 -0.6087614290087244
    outer loop
      vertex -50 6.217167691655767 27.0345631283987
      vertex 50 6.47213595499958 26.702282018339787
      vertex 50 6.217167691655767 27.0345631283987
    endloop
  endfacet
  facet normal 0 -0.7604059656000324 -0.649448048330182
    outer loop
      vertex -50 5.945158603819154 27.353044850870866
      vertex 50 6.217167691655767 27.0345631283987
      vertex 50 5.945158603819154 27.353044850870866
    endloop
  endfacet
  facet normal 0 -0.7253743710122873 -0.6883545756937545
    outer loop
      vertex -50 5.656854249492381 27.65685424949238
      vertex 50 5.945158603819154 27.353044850870866
      vertex 50 5.656854249492381 27.65685424949238
    endloop
  endfacet
  facet normal 0 -0.8788171126619649 -0.47715876025960935
    outer loop
      vertex -50 6.928203230275509 26
      vertex 50 7.128052193506943 25.631923997916374
      vertex 50 6.928203230275509 26
    endloop
  endfacet
  facet normal 0 -0.8526401643540922 -0.5224985647159488
    outer loop
      vertex -50 6.709364543563392 26.357112280120216
      vertex 50 6.928203230275509 26
      vertex 50 6.709364543563392 26.357112280120216
    endloop
  endfacet
  facet normal 0 0.8526401643540938 0.5224985647159462
    outer loop
      vertex -50 8.660254037844386 27
      vertex 50 8.386705679454241 27.44639035015027
      vertex 50 8.660254037844386 27
    endloop
  endfacet
  facet normal 0 0.8241261886220165 0.5664062369248317
    outer loop
      vertex -50 8.386705679454241 27.44639035015027
      vertex 50 8.090169943749475 27.877852522924734
      vertex 50 8.386705679454241 27.44639035015027
    endloop
  endfacet
  facet normal 0 -0.6883545756937522 -0.7253743710122893
    outer loop
      vertex -50 5.353044850870866 27.945158603819152
      vertex 50 5.656854249492381 27.65685424949238
      vertex 50 5.353044850870866 27.945158603819152
    endloop
  endfacet
  facet normal 0 -0.6494480483301854 -0.7604059656000294
    outer loop
      vertex -50 5.034563128398699 28.217167691655767
      vertex 50 5.353044850870866 27.945158603819152
      vertex 50 5.034563128398699 28.217167691655767
    endloop
  endfacet
  facet normal 0 -0.5664062369248327 -0.8241261886220157
    outer loop
      vertex -50 4.357112280120217 28.709364543563392
      vertex 50 4.702282018339785 28.47213595499958
      vertex 50 4.357112280120217 28.709364543563392
    endloop
  endfacet
  facet normal 0 -0.6087614290087213 -0.7933533402912346
    outer loop
      vertex -50 4.702282018339785 28.47213595499958
      vertex 50 5.034563128398699 28.217167691655767
      vertex 50 4.702282018339785 28.47213595499958
    endloop
  endfacet
  facet normal 0 0.6494480483301833 0.7604059656000313
    outer loop
      vertex -50 6.293203910498374 29.771459614569707
      vertex 50 6.293203910498374 29.771459614569707
      vertex 50 6.691306063588582 29.43144825477394
    endloop
  endfacet
  facet normal 0 0.7253743710122867 0.6883545756937551
    outer loop
      vertex -50 7.431448254773942 28.691306063588584
      vertex 50 7.0710678118654755 29.071067811865476
      vertex 50 7.431448254773942 28.691306063588584
    endloop
  endfacet
  facet normal 0 0.793353340291233 0.6087614290087237
    outer loop
      vertex -50 8.090169943749475 27.877852522924734
      vertex 50 7.771459614569709 28.293203910498374
      vertex 50 8.090169943749475 27.877852522924734
    endloop
  endfacet
  facet normal 0 0.7604059656000327 0.6494480483301817
    outer loop
      vertex -50 7.771459614569709 28.293203910498374
      vertex 50 7.431448254773942 28.691306063588584
      vertex 50 7.771459614569709 28.293203910498374
    endloop
  endfacet
  facet normal 0 0.6883545756937516 0.72537437101229
    outer loop
      vertex -50 6.691306063588582 29.43144825477394
      vertex 50 6.691306063588582 29.43144825477394
      vertex 50 7.0710678118654755 29.071067811865476
    endloop
  endfacet
  facet normal 0 -0.026176948307876046 -0.9996573249755573
    outer loop
      vertex -50 0 30
      vertex 50 0.4186876499435507 29.98903627803659
      vertex 50 0 30
    endloop
  endfacet
  facet normal 0 -0.07845909572783875 -0.9969173337331285
    outer loop
      vertex -50 0.4186876499435507 29.98903627803659
      vertex 50 0.8362277061412278 29.956175162946188
      vertex 50 0.4186876499435507 29.98903627803659
    endloop
  endfacet
  facet normal 0 0.026176948307874346 0.9996573249755571
    outer loop
      vertex -50 0 32
      vertex 50 0 32
      vertex 50 0.5233595624294384 31.986295347545738
    endloop
  endfacet
  facet normal 0 0.07845909572784379 0.996917333733128
    outer loop
      vertex -50 0.5233595624294384 31.986295347545738
      vertex 50 0.5233595624294384 31.986295347545738
      vertex 50 1.0452846326765348 31.945218953682733
    endloop
  endfacet
  facet normal 0 0.13052619222004908 0.9914448613738107
    outer loop
      vertex -50 1.0452846326765348 31.945218953682733
      vertex 50 1.0452846326765348 31.945218953682733
      vertex 50 1.5643446504023086 31.87688340595138
    endloop
  endfacet
  facet normal 0 0.1822355254921489 0.9832549075639543
    outer loop
      vertex -50 1.5643446504023086 31.87688340595138
      vertex 50 1.5643446504023086 31.87688340595138
      vertex 50 2.0791169081775935 31.781476007338057
    endloop
  endfacet
  facet normal 0 0.3338068592337695 0.942641491092179
    outer loop
      vertex -50 3.090169943749474 31.510565162951536
      vertex 50 3.090169943749474 31.510565162951536
      vertex 50 3.5836794954530027 31.33580426497202
    endloop
  endfacet
  facet normal 0 0.23344536385590967 0.9723699203976756
    outer loop
      vertex -50 2.0791169081775935 31.781476007338057
      vertex 50 2.0791169081775935 31.781476007338057
      vertex 50 2.5881904510252074 31.65925826289068
    endloop
  endfacet
  facet normal 0 0.28401534470391826 0.9588197348681943
    outer loop
      vertex -50 2.5881904510252074 31.65925826289068
      vertex 50 2.5881904510252074 31.65925826289068
      vertex 50 3.090169943749474 31.510565162951536
    endloop
  endfacet
  facet normal 0 0.38268343236509567 0.9238795325112844
    outer loop
      vertex -50 3.5836794954530027 31.33580426497202
      vertex 50 3.5836794954530027 31.33580426497202
      vertex 50 4.067366430758002 31.135454576426007
    endloop
  endfacet
  facet normal 0 0.430511096808292 0.9025852843498622
    outer loop
      vertex -50 4.067366430758002 31.135454576426007
      vertex 50 4.067366430758002 31.135454576426007
      vertex 50 4.5399049973954675 30.91006524188368
    endloop
  endfacet
  facet normal 0 0.4771587602596097 0.8788171126619647
    outer loop
      vertex -50 4.5399049973954675 30.91006524188368
      vertex 50 4.5399049973954675 30.91006524188368
      vertex 50 5 30.660254037844386
    endloop
  endfacet
  facet normal 0 0.5224985647159462 0.8526401643540938
    outer loop
      vertex -50 5 30.660254037844386
      vertex 50 5 30.660254037844386
      vertex 50 5.446390350150271 30.38670567945424
    endloop
  endfacet
  facet normal 0 0.5664062369248355 0.8241261886220138
    outer loop
      vertex -50 5.446390350150271 30.38670567945424
      vertex 50 5.446390350150271 30.38670567945424
      vertex 50 5.877852522924732 30.090169943749473
    endloop
  endfacet
  facet normal 0 0.608761429008722 0.7933533402912342
    outer loop
      vertex -50 5.877852522924732 30.090169943749473
      vertex 50 5.877852522924732 30.090169943749473
      vertex 50 6.293203910498374 29.771459614569707
    endloop
  endfacet
  facet normal 0 0.9238795325112873 0.3826834323650884
    outer loop
      vertex -50 9.335804264972017 25.583679495453
      vertex 50 9.135454576426008 26.067366430758003
      vertex 50 9.335804264972017 25.583679495453
    endloop
  endfacet
  facet normal 0 0.9025852843498605 0.43051109680829536
    outer loop
      vertex -50 9.135454576426008 26.067366430758003
      vertex 50 8.910065241883679 26.539904997395467
      vertex 50 9.135454576426008 26.067366430758003
    endloop
  endfacet
  facet normal 0 0.8788171126619647 0.4771587602596097
    outer loop
      vertex -50 8.910065241883679 26.539904997395467
      vertex 50 8.660254037844386 27
      vertex 50 8.910065241883679 26.539904997395467
    endloop
  endfacet
  facet normal 0 0.8788171126619647 -0.4771587602596097
    outer loop
      vertex 50 8.660254037844386 17
      vertex 0 8.910065241883679 17.460095002604533
      vertex 50 8.910065241883679 17.460095002604533
    endloop
  endfacet
  facet normal 0 0.9025852843498605 -0.43051109680829536
    outer loop
      vertex 50 8.910065241883679 17.460095002604533
      vertex 0 9.135454576426008 17.932633569241997
      vertex 50 9.135454576426008 17.932633569241997
    endloop
  endfacet
  facet normal 0 0.9238795325112873 -0.3826834323650884
    outer loop
      vertex 50 9.135454576426008 17.932633569241997
      vertex 0 9.335804264972017 18.416320504547
      vertex 50 9.335804264972017 18.416320504547
    endloop
  endfacet
  facet normal 0 0.942641491092179 -0.3338068592337695
    outer loop
      vertex 50 9.335804264972017 18.416320504547
      vertex 0 9.510565162951535 18.909830056250527
      vertex 50 9.510565162951535 18.909830056250527
    endloop
  endfacet
  facet normal 0 0.9588197348681925 -0.2840153447039243
    outer loop
      vertex 50 9.510565162951535 18.909830056250527
      vertex 0 9.659258262890683 19.411809548974794
      vertex 50 9.659258262890683 19.411809548974794
    endloop
  endfacet
  facet normal 0 0.9723699203976762 -0.2334453638559068
    outer loop
      vertex 50 9.659258262890683 19.411809548974794
      vertex 0 9.781476007338057 19.920883091822407
      vertex 50 9.781476007338057 19.920883091822407
    endloop
  endfacet
  facet normal 0 0.9832549075639543 -0.18223552549214905
    outer loop
      vertex 50 9.781476007338057 19.920883091822407
      vertex 0 9.876883405951379 20.435655349597692
      vertex 50 9.876883405951379 20.435655349597692
    endloop
  endfacet
  facet normal 0 0.9914448613738107 -0.13052619222004896
    outer loop
      vertex 50 9.876883405951379 20.435655349597692
      vertex 0 9.945218953682733 20.954715367323466
      vertex 50 9.945218953682733 20.954715367323466
    endloop
  endfacet
  facet normal 0 0.996917333733128 -0.07845909572784378
    outer loop
      vertex 50 9.945218953682733 20.954715367323466
      vertex 0 9.986295347545738 21.476640437570563
      vertex 50 9.986295347545738 21.476640437570563
    endloop
  endfacet
  facet normal 0 0.9996573249755573 -0.026176948307874398
    outer loop
      vertex 50 9.986295347545738 21.476640437570563
      vertex 0 10 22
      vertex 50 10 22
    endloop
  endfacet
  facet normal 1.0868136603021461e-17 0.9996573249755573 0.026176948307874398
    outer loop
      vertex 50 10 22
      vertex 0 9.986907039215406 22.5
      vertex 50 9.986295347545738 22.523359562429437
    endloop
  endfacet
  facet normal 1 0 0
    outer loop
      vertex 50 6.47213595499958 17.297717981660213
      vertex 50 8.910065241883679 17.460095002604533
      vertex 50 6.709364543563392 17.642887719879784
    endloop
  endfacet
  facet normal 1 0 0
    outer loop
      vertex 50 6.709364543563392 17.642887719879784
      vertex 50 9.135454576426008 17.932633569241997
      vertex 50 6.928203230275509 18
    endloop
  endfacet
  facet normal 1 0 0
    outer loop
      vertex 50 6.47213595499958 17.297717981660213
      vertex 50 8.660254037844386 17
      vertex 50 8.910065241883679 17.460095002604533
    endloop
  endfacet
  facet normal 1 0 0
    outer loop
      vertex 50 6.709364543563392 17.642887719879784
      vertex 50 8.910065241883679 17.460095002604533
      vertex 50 9.135454576426008 17.932633569241997
    endloop
  endfacet
  facet normal 1 0 0
    outer loop
      vertex 50 6.928203230275509 18
      vertex 50 9.135454576426008 17.932633569241997
      vertex 50 9.335804264972017 18.416320504547
    endloop
  endfacet
  facet normal 1 0 0
    outer loop
      vertex 50 6.928203230275509 18
      vertex 50 9.335804264972017 18.416320504547
      vertex 50 7.128052193506943 18.368076002083626
    endloop
  endfacet
  facet normal 1 0 0
    outer loop
      vertex 50 7.128052193506943 18.368076002083626
      vertex 50 9.335804264972017 18.416320504547
      vertex 50 7.308363661140807 18.7461068553936
    endloop
  endfacet
  facet normal 1 0 0
    outer loop
      vertex 50 7.308363661140807 18.7461068553936
      vertex 50 9.335804264972017 18.416320504547
      vertex 50 9.510565162951535 18.909830056250527
    endloop
  endfacet
  facet normal 1 0 0
    outer loop
      vertex 50 7.308363661140807 18.7461068553936
      vertex 50 9.510565162951535 18.909830056250527
      vertex 50 7.468643411977614 19.133056403637596
    endloop
  endfacet
  facet normal 1 0 0
    outer loop
      vertex 50 7.468643411977614 19.133056403637596
      vertex 50 9.659258262890683 19.411809548974794
      vertex 50 7.608452130361228 19.52786404500042
    endloop
  endfacet
  facet normal 1 0 0
    outer loop
      vertex 50 7.608452130361228 19.52786404500042
      vertex 50 9.781476007338057 19.920883091822407
      vertex 50 7.7274066103125465 19.929447639179834
    endloop
  endfacet
  facet normal 1 0 0
    outer loop
      vertex 50 7.7274066103125465 19.929447639179834
      vertex 50 9.781476007338057 19.920883091822407
      vertex 50 7.8251808058704455 20.336706473457927
    endloop
  endfacet
  facet normal 1 0 0
    outer loop
      vertex 50 7.8251808058704455 20.336706473457927
      vertex 50 9.876883405951379 20.435655349597692
      vertex 50 7.901506724761102 20.748524279678154
    endloop
  endfacet
  facet normal 1 0 0
    outer loop
      vertex 50 7.901506724761102 20.748524279678154
      vertex 50 9.945218953682733 20.954715367323466
      vertex 50 7.956175162946186 21.163772293858774
    endloop
  endfacet
  facet normal 1 0 0
    outer loop
      vertex 50 7.956175162946186 21.163772293858774
      vertex 50 9.986295347545738 21.476640437570563
      vertex 50 7.989036278036591 21.58131235005645
    endloop
  endfacet
  facet normal 1 0 0
    outer loop
      vertex 50 7.989036278036591 21.58131235005645
      vertex 50 10 22
      vertex 50 8 22
    endloop
  endfacet
  facet normal 1 0 0
    outer loop
      vertex 50 8 22
      vertex 50 10 22
      vertex 50 7.989036278036591 22.41868764994355
    endloop
  endfacet
  facet normal 1 0 0
    outer loop
      vertex 50 7.989036278036591 22.41868764994355
      vertex 50 9.945218953682733 23.045284632676534
      vertex 50 7.956175162946186 22.836227706141226
    endloop
  endfacet
  facet normal 1 0 0
    outer loop
      vertex 50 7.956175162946186 22.836227706141226
      vertex 50 9.876883405951379 23.564344650402308
      vertex 50 7.901506724761102 23.251475720321846
    endloop
  endfacet
  facet normal 1 0 0
    outer loop
      vertex 50 7.901506724761102 23.251475720321846
      vertex 50 9.781476007338057 24.079116908177593
      vertex 50 7.8251808058704455 23.663293526542073
    endloop
  endfacet
  facet normal 1 0 0
    outer loop
      vertex 50 7.8251808058704455 23.663293526542073
      vertex 50 9.781476007338057 24.079116908177593
      vertex 50 7.7274066103125465 24.070552360820166
    endloop
  endfacet
  facet normal 1 0 0
    outer loop
      vertex 50 7.608452130361228 24.47213595499958
      vertex 50 7.7274066103125465 24.070552360820166
      vertex 50 9.659258262890683 24.588190451025206
    endloop
  endfacet
  facet normal 1 0 0
    outer loop
      vertex 50 7.608452130361228 24.47213595499958
      vertex 50 9.510565162951535 25.090169943749473
      vertex 50 7.468643411977614 24.866943596362404
    endloop
  endfacet
  facet normal 1 0 0
    outer loop
      vertex 50 7.468643411977614 24.866943596362404
      vertex 50 9.335804264972017 25.583679495453
      vertex 50 7.308363661140807 25.2538931446064
    endloop
  endfacet
  facet normal 1 0 0
    outer loop
      vertex 50 7.308363661140807 25.2538931446064
      vertex 50 9.135454576426008 26.067366430758003
      vertex 50 7.128052193506943 25.631923997916374
    endloop
  endfacet
  facet normal 1 0 0
    outer loop
      vertex 50 7.308363661140807 25.2538931446064
      vertex 50 9.335804264972017 25.583679495453
      vertex 50 9.135454576426008 26.067366430758003
    endloop
  endfacet
  facet normal 1 0 0
    outer loop
      vertex 50 7.468643411977614 19.133056403637596
      vertex 50 9.510565162951535 18.909830056250527
      vertex 50 9.659258262890683 19.411809548974794
    endloop
  endfacet
  facet normal 1 0 0
    outer loop
      vertex 50 7.608452130361228 19.52786404500042
      vertex 50 9.659258262890683 19.411809548974794
      vertex 50 9.781476007338057 19.920883091822407
    endloop
  endfacet
  facet normal 1 0 0
    outer loop
      vertex 50 7.8251808058704455 20.336706473457927
      vertex 50 9.781476007338057 19.920883091822407
      vertex 50 9.876883405951379 20.435655349597692
    endloop
  endfacet
  facet normal 1 0 0
    outer loop
      vertex 50 7.901506724761102 20.748524279678154
      vertex 50 9.876883405951379 20.435655349597692
      vertex 50 9.945218953682733 20.954715367323466
    endloop
  endfacet
  facet normal 1 0 0
    outer loop
      vertex 50 7.956175162946186 21.163772293858774
      vertex 50 9.945218953682733 20.954715367323466
      vertex 50 9.986295347545738 21.476640437570563
    endloop
  endfacet
  facet normal 1 0 0
    outer loop
      vertex 50 7.989036278036591 21.58131235005645
      vertex 50 9.986295347545738 21.476640437570563
      vertex 50 10 22
    endloop
  endfacet
  facet normal 1 0 0
    outer loop
      vertex 50 7.989036278036591 22.41868764994355
      vertex 50 10 22
      vertex 50 9.986295347545738 22.523359562429437
    endloop
  endfacet
  facet normal 1 0 0
    outer loop
      vertex 50 7.989036278036591 22.41868764994355
      vertex 50 9.986295347545738 22.523359562429437
      vertex 50 9.945218953682733 23.045284632676534
    endloop
  endfacet
  facet normal 1 0 0
    outer loop
      vertex 50 7.956175162946186 22.836227706141226
      vertex 50 9.945218953682733 23.045284632676534
      vertex 50 9.876883405951379 23.564344650402308
    endloop
  endfacet
  facet normal 1 0 0
    outer loop
      vertex 50 7.901506724761102 23.251475720321846
      vertex 50 9.876883405951379 23.564344650402308
      vertex 50 9.781476007338057 24.079116908177593
    endloop
  endfacet
  facet normal 1 0 0
    outer loop
      vertex 50 7.7274066103125465 24.070552360820166
      vertex 50 9.781476007338057 24.079116908177593
      vertex 50 9.659258262890683 24.588190451025206
    endloop
  endfacet
  facet normal 1 0 0
    outer loop
      vertex 50 7.608452130361228 24.47213595499958
      vertex 50 9.659258262890683 24.588190451025206
      vertex 50 9.510565162951535 25.090169943749473
    endloop
  endfacet
  facet normal 1 0 0
    outer loop
      vertex 50 7.468643411977614 24.866943596362404
      vertex 50 9.510565162951535 25.090169943749473
      vertex 50 9.335804264972017 25.583679495453
    endloop
  endfacet
  facet normal 1 0 0
    outer loop
      vertex 50 1.251475720321847 29.901506724761102
      vertex 50 1.6632935265420747 29.825180805870446
      vertex 50 5.877852522924732 30.090169943749473
    endloop
  endfacet
  facet normal 1 0 0
    outer loop
      vertex 50 2.070552360820166 29.727406610312546
      vertex 50 5.877852522924732 30.090169943749473
      vertex 50 1.6632935265420747 29.825180805870446
    endloop
  endfacet
  facet normal 1 0 0
    outer loop
      vertex 50 2.070552360820166 29.727406610312546
      vertex 50 2.472135954999579 29.60845213036123
      vertex 50 6.293203910498374 29.771459614569707
    endloop
  endfacet
  facet normal 1 0 0
    outer loop
      vertex 50 2.866943596362402 29.468643411977613
      vertex 50 6.293203910498374 29.771459614569707
      vertex 50 2.472135954999579 29.60845213036123
    endloop
  endfacet
  facet normal 1 0 0
    outer loop
      vertex 50 2.866943596362402 29.468643411977613
      vertex 50 3.2538931446064017 29.308363661140806
      vertex 50 6.293203910498374 29.771459614569707
    endloop
  endfacet
  facet normal 1 0 0
    outer loop
      vertex 50 6.928203230275509 26
      vertex 50 8.910065241883679 26.539904997395467
      vertex 50 6.709364543563392 26.357112280120216
    endloop
  endfacet
  facet normal 1 0 0
    outer loop
      vertex 50 6.47213595499958 26.702282018339787
      vertex 50 6.709364543563392 26.357112280120216
      vertex 50 8.660254037844386 27
    endloop
  endfacet
  facet normal 1 0 0
    outer loop
      vertex 50 7.128052193506943 25.631923997916374
      vertex 50 9.135454576426008 26.067366430758003
      vertex 50 6.928203230275509 26
    endloop
  endfacet
  facet normal 1 0 0
    outer loop
      vertex 50 6.928203230275509 26
      vertex 50 9.135454576426008 26.067366430758003
      vertex 50 8.910065241883679 26.539904997395467
    endloop
  endfacet
  facet normal 1 0 0
    outer loop
      vertex 50 6.709364543563392 26.357112280120216
      vertex 50 8.910065241883679 26.539904997395467
      vertex 50 8.660254037844386 27
    endloop
  endfacet
  facet normal 1 0 0
    outer loop
      vertex 50 6.47213595499958 26.702282018339787
      vertex 50 8.386705679454241 27.44639035015027
      vertex 50 6.217167691655767 27.0345631283987
    endloop
  endfacet
  facet normal 1 0 0
    outer loop
      vertex 50 5.945158603819154 27.353044850870866
      vertex 50 6.217167691655767 27.0345631283987
      vertex 50 8.386705679454241 27.44639035015027
    endloop
  endfacet
  facet normal 1 0 0
    outer loop
      vertex 50 5.945158603819154 27.353044850870866
      vertex 50 8.090169943749475 27.877852522924734
      vertex 50 5.656854249492381 27.65685424949238
    endloop
  endfacet
  facet normal 1 0 0
    outer loop
      vertex 50 5.945158603819154 27.353044850870866
      vertex 50 8.386705679454241 27.44639035015027
      vertex 50 8.090169943749475 27.877852522924734
    endloop
  endfacet
  facet normal 1 0 0
    outer loop
      vertex 50 6.47213595499958 26.702282018339787
      vertex 50 8.660254037844386 27
      vertex 50 8.386705679454241 27.44639035015027
    endloop
  endfacet
  facet normal 1 0 0
    outer loop
      vertex 50 4.357112280120217 28.709364543563392
      vertex 50 7.0710678118654755 29.071067811865476
      vertex 50 4 28.928203230275507
    endloop
  endfacet
  facet normal 1 0 0
    outer loop
      vertex 50 4.357112280120217 28.709364543563392
      vertex 50 4.702282018339785 28.47213595499958
      vertex 50 7.0710678118654755 29.071067811865476
    endloop
  endfacet
  facet normal 1 0 0
    outer loop
      vertex 50 5.353044850870866 27.945158603819152
      vertex 50 5.656854249492381 27.65685424949238
      vertex 50 7.771459614569709 28.293203910498374
    endloop
  endfacet
  facet normal 1 0 0
    outer loop
      vertex 50 5.353044850870866 27.945158603819152
      vertex 50 7.771459614569709 28.293203910498374
      vertex 50 5.034563128398699 28.217167691655767
    endloop
  endfacet
  facet normal 1 0 0
    outer loop
      vertex 50 4.702282018339785 28.47213595499958
      vertex 50 5.034563128398699 28.217167691655767
      vertex 50 7.431448254773942 28.691306063588584
    endloop
  endfacet
  facet normal 1 0 0
    outer loop
      vertex 50 4.702282018339785 28.47213595499958
      vertex 50 7.431448254773942 28.691306063588584
      vertex 50 7.0710678118654755 29.071067811865476
    endloop
  endfacet
  facet normal 1 0 0
    outer loop
      vertex 50 4 28.928203230275507
      vertex 50 6.691306063588582 29.43144825477394
      vertex 50 3.631923997916374 29.128052193506942
    endloop
  endfacet
  facet normal 1 0 0
    outer loop
      vertex 50 3.2538931446064017 29.308363661140806
      vertex 50 3.631923997916374 29.128052193506942
      vertex 50 6.691306063588582 29.43144825477394
    endloop
  endfacet
  facet normal 1 0 0
    outer loop
      vertex 50 2.070552360820166 29.727406610312546
      vertex 50 6.293203910498374 29.771459614569707
      vertex 50 5.877852522924732 30.090169943749473
    endloop
  endfacet
  facet normal 1 0 0
    outer loop
      vertex 50 3.2538931446064017 29.308363661140806
      vertex 50 6.691306063588582 29.43144825477394
      vertex 50 6.293203910498374 29.771459614569707
    endloop
  endfacet
  facet normal 1 0 0
    outer loop
      vertex 50 4 28.928203230275507
      vertex 50 7.0710678118654755 29.071067811865476
      vertex 50 6.691306063588582 29.43144825477394
    endloop
  endfacet
  facet normal 1 0 0
    outer loop
      vertex 50 5.656854249492381 27.65685424949238
      vertex 50 8.090169943749475 27.877852522924734
      vertex 50 7.771459614569709 28.293203910498374
    endloop
  endfacet
  facet normal 1 0 0
    outer loop
      vertex 50 5.034563128398699 28.217167691655767
      vertex 50 7.771459614569709 28.293203910498374
      vertex 50 7.431448254773942 28.691306063588584
    endloop
  endfacet
  facet normal 1 0 0
    outer loop
      vertex 50 -5.877852522924732 30.090169943749473
      vertex 50 0 30
      vertex 50 5.877852522924732 30.090169943749473
    endloop
  endfacet
  facet normal 1 0 0
    outer loop
      vertex 50 -5.877852522924732 30.090169943749473
      vertex 50 5.877852522924732 30.090169943749473
      vertex 50 5.446390350150271 30.38670567945424
    endloop
  endfacet
  facet normal 1 0 0
    outer loop
      vertex 50 0.4186876499435507 29.98903627803659
      vertex 50 5.877852522924732 30.090169943749473
      vertex 50 0 30
    endloop
  endfacet
  facet normal 1 0 0
    outer loop
      vertex 50 -5.446390350150271 30.38670567945424
      vertex 50 5.446390350150271 30.38670567945424
      vertex 50 5 30.660254037844386
    endloop
  endfacet
  facet normal 1 0 0
    outer loop
      vertex 50 -5 30.660254037844386
      vertex 50 5 30.660254037844386
      vertex 50 4.5399049973954675 30.91006524188368
    endloop
  endfacet
  facet normal 1 0 0
    outer loop
      vertex 50 -4.5399049973954675 30.91006524188368
      vertex 50 4.5399049973954675 30.91006524188368
      vertex 50 4.067366430758002 31.135454576426007
    endloop
  endfacet
  facet normal 1 0 0
    outer loop
      vertex 50 -3.5836794954530027 31.33580426497202
      vertex 50 3.5836794954530027 31.33580426497202
      vertex 50 3.090169943749474 31.510565162951536
    endloop
  endfacet
  facet normal 1 0 0
    outer loop
      vertex 50 -3.090169943749474 31.510565162951536
      vertex 50 3.090169943749474 31.510565162951536
      vertex 50 2.5881904510252074 31.65925826289068
    endloop
  endfacet
  facet normal 1 0 0
    outer loop
      vertex 50 -2.0791169081775935 31.781476007338057
      vertex 50 2.0791169081775935 31.781476007338057
      vertex 50 1.5643446504023086 31.87688340595138
    endloop
  endfacet
  facet normal 1 0 0
    outer loop
      vertex 50 -1.0452846326765348 31.945218953682733
      vertex 50 1.0452846326765348 31.945218953682733
      vertex 50 0.5233595624294384 31.986295347545738
    endloop
  endfacet
  facet normal 1 0 0
    outer loop
      vertex 50 -0.5233595624294384 31.986295347545738
      vertex 50 0.5233595624294384 31.986295347545738
      vertex 50 0 32
    endloop
  endfacet
  facet normal 1 0 0
    outer loop
      vertex 50 -1.5643446504023086 31.87688340595138
      vertex 50 1.5643446504023086 31.87688340595138
      vertex 50 1.0452846326765348 31.945218953682733
    endloop
  endfacet
  facet normal 1 0 0
    outer loop
      vertex 50 -2.5881904510252074 31.65925826289068
      vertex 50 2.5881904510252074 31.65925826289068
      vertex 50 2.0791169081775935 31.781476007338057
    endloop
  endfacet
  facet normal 1 0 0
    outer loop
      vertex 50 -4.067366430758002 31.135454576426007
      vertex 50 4.067366430758002 31.135454576426007
      vertex 50 3.5836794954530027 31.33580426497202
    endloop
  endfacet
  facet normal 1 0 0
    outer loop
      vertex 50 0.4186876499435507 29.98903627803659
      vertex 50 0.8362277061412278 29.956175162946188
      vertex 50 5.877852522924732 30.090169943749473
    endloop
  endfacet
  facet normal 1 0 0
    outer loop
      vertex 50 0.8362277061412278 29.956175162946188
      vertex 50 1.251475720321847 29.901506724761102
      vertex 50 5.877852522924732 30.090169943749473
    endloop
  endfacet
  facet normal -1 0 0
    outer loop
      vertex -60 -35 0
      vertex -60 -35 6
      vertex -60 35 6
    endloop
  endfacet
  facet normal 0 0 1
    outer loop
      vertex -60 -35 6
      vertex -16 -15 6
      vertex -16 15 6
    endloop
  endfacet
  facet normal 0 -1 0
    outer loop
      vertex -60 -35 0
      vertex 60 -35 6
      vertex -60 -35 6
    endloop
  endfacet
  facet normal 0 0 1
    outer loop
      vertex -60 -35 6
      vertex 60 -35 6
      vertex -16 -15 6
    endloop
  endfacet
  facet normal 0 0 1
    outer loop
      vertex -60 -35 6
      vertex -16 15 6
      vertex -60 35 6
    endloop
  endfacet
  facet normal -1 0 0
    outer loop
      vertex -60 -35 0
      vertex -60 35 6
      vertex -60 35 0
    endloop
  endfacet
  facet normal 0 0 -1
    outer loop
      vertex -60 -35 0
      vertex -60 35 0
      vertex 60 35 0
    endloop
  endfacet
  facet normal 0 1 0
    outer loop
      vertex -60 35 0
      vertex -60 35 6
      vertex 60 35 0
    endloop
  endfacet
  facet normal 0 0 1
    outer loop
      vertex -60 35 6
      vertex -16 15 6
      vertex 60 35 6
    endloop
  endfacet
  facet normal 0 0 1
    outer loop
      vertex 60 -35 6
      vertex 0 -15 6
      vertex -16 -15 6
    endloop
  endfacet
  facet normal 0 -1 0
    outer loop
      vertex -60 -35 0
      vertex 60 -35 0
      vertex 60 -35 6
    endloop
  endfacet
  facet normal 0 0 -1
    outer loop
      vertex -60 -35 0
      vertex 60 35 0
      vertex 60 -35 0
    endloop
  endfacet
  facet normal 0 0 1
    outer loop
      vertex 60 -35 6
      vertex 60 35 6
      vertex 0 -15 6
    endloop
  endfacet
  facet normal 1 0 0
    outer loop
      vertex 60 -35 0
      vertex 60 35 0
      vertex 60 -35 6
    endloop
  endfacet
  facet normal 0 0 1
    outer loop
      vertex 60 35 6
      vertex 0 15 6
      vertex 0 -15 6
    endloop
  endfacet
  facet normal 0 0 1
    outer loop
      vertex 60 35 6
      vertex -16 15 6
      vertex 0 15 6
    endloop
  endfacet
  facet normal 0 1 0
    outer loop
      vertex -60 35 6
      vertex 60 35 6
      vertex 60 35 0
    endloop
  endfacet
  facet normal 1 0 0
    outer loop
      vertex 60 -35 6
      vertex 60 35 0
      vertex 60 35 6
    endloop
  endfacet
endsolid OpenSCAD_Model
